Track,Station_A,Station_B,Length
T1,S697,S699,32471
T2,S305,S320,21489
T3,S286,S305,15469
T4,S7,S8,12829
T5,S267,S286,18215
T6,S252,S267,20803
T7,S526,S527,21384
T8,S7,S8,12829
T9,S528,S529,24973
T10,S497,S498,18585
T11,S6,S1006,28247
T12,S196,S900,47149
T13,S529,S530,48997
T14,S471,S472,25818
T16,S132,S151,58871
T17,S530,S531,42820
T18,S1001,S1004,25449
T19,S9,S486,1214
T20,S1003,S1004,13199
T21,S1003,S1004,13199
T22,S413,S414,105
T23,S498,S499,16525
T24,S499,S500,43612
T25,S800,S801,44246
T26,S472,S473,41764
T27,S789,S790,11774
T28,S12,S307,50053
T29,S109,S337,46568
T30,S610,S611,15681
T31,S317,S614,3062
T32,S56,S58,15522
T33,S812,S815,7867
T34,S814,S815,6388
T35,S329,S676,7391
T36,S77,S474,739
T37,S475,S476,950
T38,S763,S764,22069
T39,S617,S618,24446
T40,S117,S119,13463
T41,S127,S766,38649
T42,S127,S765,42239
T43,S128,S766,36378
T46,S998,S999,39599
T47,S635,S636,56548
T48,S1013,S1014,25660
T49,S764,S765,39758
T50,S497,S949,43559
T51,S181,S310,39177
T52,S175,S178,15100
T53,S762,S763,19324
T54,S552,S553,24868
T56,S28,S29,7497
T57,S1013,S1014,25554
T58,S854,S856,32365
T59,S1011,S1014,17793
T60,S18,S842,1108
T61,S824,S827,15787
T62,S1011,S1014,17740
T63,S35,S384,2851
T64,S176,S702,19007
T65,S367,S943,13516
T66,S32,S33,2587
T67,S32,S33,3062
T68,S907,S909,13411
T69,S192,S197,15786
T70,S36,S90,35428
T71,S130,S731,57921
T72,S37,S461,23971
T73,S37,S462,40813
T74,S554,S555,22386
T75,S22,S212,5649
T76,S38,S39,34055
T77,S256,S381,33474
T78,S40,S251,15522
T79,S40,S251,15575
T80,S6,S40,8342
T81,S6,S40,8395
T82,S41,S1016,57129
T83,S41,S1016,57076
T84,S41,S43,44826
T85,S42,S1015,41658
T86,S42,S1015,41605
T87,S70,S982,32260
T89,S702,S703,115473
T91,S658,S659,39441
T92,S659,S660,15839
T93,S610,S828,1161
T94,S39,S52,43612
T95,S51,S62,792
T96,S54,S60,27296
T97,S57,S341,8025
T99,S52,S58,45407
T100,S368,S416,37909
T101,S663,S664,35587
T102,S666,S667,44404
T103,S59,S889,77932
T104,S59,S333,28511
T106,S418,S419,13305
T107,S54,S333,16367
T109,S55,S57,7022
T110,S63,S153,26557
T111,S63,S195,25607
T112,S66,S521,12196
T113,S67,S962,20433
T114,S67,S108,16948
T115,S70,S982,37012
T116,S36,S70,44087
T117,S107,S1007,32524
T118,S747,S748,39757
T119,S746,S747,20644
T121,S86,S743,29673
T122,S419,S420,30412
T124,S464,S465,24288
T125,S73,S606,14044
T126,S213,S751,16525
T127,S73,S825,105
T128,S750,S751,21805
T129,S49,S61,38702
T130,S474,S476,1320
T131,S992,S993,24446
T132,S991,S992,18585
T133,S65,S250,108080
T134,S759,S760,32946
T135,S107,S245,8025
T136,S753,S754,20749
T137,S752,S753,20855
T138,S81,S309,23284
T141,S553,S554,43084
T142,S48,S83,31732
T143,S335,S555,44774
T145,S335,S556,38385
T146,S86,S744,14308
T147,S164,S603,41077
T148,S556,S557,47730
T149,S87,S942,14625
T150,S107,S245,8025
T151,S71,S87,11616
T152,S71,S87,11616
T153,S646,S647,40655
T154,S647,S648,56284
T155,S71,S197,15523
T156,S71,S207,11563
T157,S648,S649,48945
T158,S557,S558,45407
T159,S1,S394,11088
T160,S112,S834,21171
T161,S90,S174,53432
T162,S757,S758,22545
T163,S755,S756,20591
T164,S91,S92,16631
T165,S754,S755,14255
T166,S749,S750,17846
T167,S748,S749,22862
T168,S214,S543,14678
T170,S492,S493,12249
T171,S326,S991,28142
T172,S994,S995,22597
T173,S993,S994,37434
T174,S95,S326,56178
T175,S326,S990,30359
T176,S95,S990,16736
T177,S95,S138,59558
T178,S97,S99,792
T179,S97,S115,1003
T182,S99,S114,9873
T185,S99,S906,12671
T186,S99,S906,12671
T187,S100,S496,4890
T188,S101,S933,31415
T189,S101,S931,52693
T190,S907,S908,24709
T191,S907,S908,24709
T192,S904,S908,12829
T193,S904,S905,15470
T194,S904,S905,15417
T195,S112,S834,21171
T196,S112,S890,18268
T197,S112,S218,13992
T198,S78,S493,17846
T199,S540,S541,29303
T200,S110,S245,16578
T201,S50,S130,64257
T202,S50,S130,64256
T203,S542,S543,19535
T204,S102,S121,30782
T205,S102,S121,30782
T206,S104,S105,27350
T207,S61,S103,4276
T208,S104,S105,27349
T209,S531,S532,42081
T210,S12,S770,35428
T211,S306,S769,19059
T212,S768,S769,16948
T213,S741,S742,53010
T214,S740,S741,42450
T215,S76,S1007,36115
T216,S83,S111,31732
T218,S575,S576,21911
T219,S665,S666,44668
T220,S113,S616,24076
T221,S87,S118,7075
T222,S576,S577,26611
T223,S577,S578,23389
T224,S114,S905,49156
T225,S114,S905,49156
T226,S68,S103,12143
T227,S644,S645,39705
T228,S645,S646,36484
T229,S709,S710,36167
T230,S708,S709,31890
T231,S642,S643,46093
T232,S643,S644,42292
T233,S707,S708,36062
T234,S706,S707,57023
T235,S733,S734,38754
T236,S210,S324,14519
T237,S574,S575,27350
T241,S7,S129,21858
T242,S7,S129,21753
T243,S76,S249,44984
T244,S129,S229,1953
T245,S130,S731,57921
T246,S324,S739,42873
T247,S803,S804,42239
T248,S802,S803,59346
T249,S777,S778,16156
T250,S779,S780,12935
T251,S779,S780,12935
T252,S131,S457,29567
T255,S736,S737,54806
T257,S578,S579,61406
T258,S386,S387,25712
T259,S132,S151,58290
T260,S111,S133,33686
T261,S132,S138,37804
T262,S132,S134,11088
T263,S616,S617,25343
T264,S579,S580,29462
T265,S76,S249,44984
T267,S623,S624,47413
T268,S624,S625,27508
T269,S137,S855,17212
T270,S137,S855,17212
T271,S134,S138,26029
T272,S638,S639,54648
T274,S371,S372,17951
T275,S371,S372,17951
T276,S141,S373,35587
T277,S141,S373,35587
T278,S142,S145,37910
T279,S144,S186,950
T280,S144,S186,1425
T281,S144,S186,1425
T282,S142,S145,37910
T283,S140,S186,4012
T284,S901,S902,28141
T285,S147,S148,1531
T286,S146,S150,41500
T287,S146,S150,41500
T288,S149,S655,17634
T289,S150,S244,57076
T290,S4,S151,46411
T291,S150,S244,57129
T292,S154,S722,6969
T293,S154,S722,6916
T294,S133,S153,36748
T295,S154,S155,8236
T296,S154,S155,9028
T297,S738,S739,42925
T298,S4,S162,43929
T299,S159,S160,20274
T300,S159,S160,20274
T301,S160,S180,47783
T302,S160,S180,39599
T303,S345,S417,17793
T304,S167,S886,31626
T305,S164,S167,31626
T306,S159,S163,1742
T307,S159,S162,6547
T309,S4,S162,43929
T310,S162,S163,4382
T311,S161,S163,792
T312,S56,S60,30042
T313,S166,S405,32682
T316,S237,S957,1003
T317,S170,S187,1320
T318,S170,S187,1372
T319,S170,S187,1372
T320,S183,S322,17318
T321,S183,S189,10982
T322,S173,S175,3115
T323,S175,S176,844
T324,S173,S176,792
T325,S781,S782,21489
T326,S190,S657,40338
T327,S190,S658,48047
T328,S178,S649,57181
T329,S193,S989,9820
T330,S193,S988,25449
T331,S180,S193,43823
T332,S180,S989,24815
T333,S20,S414,105
T334,S123,S943,11826
T335,S182,S445,9081
T336,S182,S446,12988
T337,S88,S183,10084
T338,S88,S183,10084
T339,S88,S183,9661
T340,S159,S161,1795
T341,S142,S185,51321
T342,S142,S185,51321
T343,S188,S996,33052
T344,S188,S996,33052
T345,S210,S211,6600
T346,S210,S211,6600
T347,S213,S752,24129
T348,S191,S829,30834
T349,S191,S830,30834
T350,S699,S700,31363
T351,S193,S194,48733
T352,S194,S988,14308
T353,S194,S220,38966
T354,S196,S899,5755
T356,S192,S208,4276
T357,S700,S701,31943
T358,S38,S918,70856
T359,S671,S672,30782
T361,S662,S663,43982
T362,S61,S685,8659
T363,S61,S685,8606
T364,S81,S250,97098
T365,S195,S236,19271
T366,S879,S880,23336
T367,S108,S109,1003
T368,S715,S716,42925
T369,S710,S711,37487
T370,S714,S715,32630
T371,S712,S713,14308
T372,S711,S712,41711
T373,S580,S581,13410
T374,S581,S582,38121
T375,S582,S583,36906
T376,S672,S673,50212
T377,S584,S673,71437
T378,S244,S245,49262
T379,S244,S245,49262
T380,S567,S568,35850
T381,S568,S569,27191
T382,S570,S571,38121
T383,S571,S572,41394
T384,S799,S800,94300
T385,S558,S559,14678
T386,S561,S562,26558
T387,S200,S562,20539
T388,S67,S247,11563
T389,S67,S248,20011
T390,S247,S248,7233
T391,S247,S248,7233
T392,S75,S181,52113
T393,S249,S251,42767
T394,S249,S251,42767
T395,S236,S252,23653
T396,S89,S676,7761
T398,S89,S676,7761
T400,S254,S1001,29937
T401,S254,S1000,57709
T402,S254,S1000,57709
T403,S999,S1000,20538
T404,S501,S502,35956
T405,S693,S694,36853
T406,S692,S693,40286
T407,S689,S690,42080
T408,S255,S862,2270
T409,S255,S862,2006
T410,S256,S381,33474
T411,S258,S259,1436
T412,S259,S260,720
T413,S259,S260,720
T414,S259,S260,720
T415,S124,S260,1729
T416,S124,S260,2590
T417,S124,S261,739
T418,S261,S262,494
T419,S124,S263,700
T420,S262,S263,327
T421,S263,S264,2780
T422,S263,S264,2780
T423,S262,S265,2900
T424,S261,S266,1701
T425,S260,S266,6100
T426,S260,S266,6100
T427,S794,S795,44246
T428,S266,S277,885
T429,S266,S276,885
T430,S266,S275,885
T431,S266,S269,625
T432,S266,S269,625
T433,S266,S271,1350
T434,S266,S272,3300
T435,S124,S266,2667
T436,S269,S270,1200
T437,S270,S271,1200
T438,S271,S272,1742
T441,S266,S274,520
T442,S274,S277,1125
T443,S277,S278,1900
T444,S278,S279,844
T445,S277,S279,2323
T446,S276,S279,2323
T447,S275,S279,2323
T448,S279,S280,1372
T449,S279,S280,1372
T450,S279,S280,1372
T451,S280,S281,3062
T452,S281,S284,6388
T453,S281,S284,7392
T454,S281,S284,7286
T455,S280,S282,7022
T456,S280,S282,7022
T457,S282,S283,2534
T458,S282,S284,3168
T459,S283,S284,1689
T460,S284,S287,19429
T461,S284,S287,19958
T462,S284,S285,4699
T463,S285,S287,13938
T464,S287,S288,16790
T465,S287,S288,16790
T466,S287,S288,16790
T467,S288,S289,17265
T468,S288,S289,17264
T469,S288,S289,17845
T470,S165,S696,24234
T471,S695,S696,34002
T472,S694,S695,33158
T473,S511,S512,21806
T474,S513,S514,19746
T481,S94,S545,15047
T482,S546,S547,19536
T483,S547,S548,36114
T484,S548,S549,21542
T485,S549,S550,24868
T486,S550,S551,15259
T487,S551,S552,41077
T490,S788,S789,31785
T491,S784,S785,15048
T492,S783,S784,22703
T493,S782,S783,13252
T494,S509,S510,9661
T495,S514,S515,20380
T496,S515,S516,46622
T497,S516,S517,36748
T498,S517,S518,19324
T499,S518,S519,32629
T500,S519,S520,21489
T501,S202,S520,31468
T502,S791,S793,18954
T503,S797,S798,45671
T504,S796,S797,28247
T505,S795,S796,30729
T506,S126,S311,59927
T507,S126,S311,59927
T508,S503,S504,30993
T512,S313,S314,15787
T513,S45,S313,31204
T514,S45,S314,14731
T515,S23,S75,61564
T516,S470,S471,40075
T517,S5,S239,8870
T520,S316,S916,11298
T521,S377,S378,15681
T522,S564,S565,30095
T523,S563,S564,47202
T524,S566,S567,39124
T525,S572,S573,27561
T526,S573,S574,25501
T527,S422,S423,24182
T528,S996,S998,34003
T529,S317,S804,11668
T530,S776,S777,28511
T531,S775,S776,37118
T532,S735,S736,37329
T533,S734,S735,41024
T534,S761,S762,53697
T535,S760,S761,60508
T537,S767,S768,39811
T538,S128,S767,45513
T539,S321,S960,8500
T540,S321,S322,15258
T541,S321,S322,14942
T542,S268,S321,12038
T543,S774,S775,34583
T544,S773,S774,36748
T545,S772,S773,42081
T546,S771,S772,31204
T547,S770,S771,59716
T549,S189,S322,4752
T550,S852,S853,43453
T552,S801,S802,69748
T553,S798,S799,17476
T554,S844,S845,39968
T555,S462,S463,32523
T556,S851,S852,52799
T557,S849,S850,29567
T558,S848,S849,44879
T559,S716,S717,15047
T560,S14,S834,50476
T561,S717,S718,15892
T562,S718,S719,15998
T563,S719,S720,16472
T564,S327,S328,16314
T565,S327,S856,28458
T566,S669,S670,45882
T567,S156,S900,40497
T568,S156,S901,34425
T569,S902,S903,27455
T570,S903,S906,23601
T571,S330,S429,14941
T572,S331,S428,15047
T573,S331,S428,14995
T574,S331,S332,22070
T575,S857,S858,27508
T576,S855,S857,32154
T577,S184,S977,12354
T578,S978,S979,19799
T579,S174,S979,26135
T580,S174,S979,26135
T581,S820,S822,30571
T582,S343,S369,16790
T583,S668,S669,40814
T584,S655,S656,47836
T585,S656,S657,47044
T586,S660,S661,37962
T587,S661,S662,35692
T588,S667,S668,47256
T589,S342,S379,31257
T590,S378,S379,29039
T591,S14,S336,3326
T593,S197,S207,2428
T594,S371,S374,33105
T595,S374,S375,34741
T596,S225,S375,37329
T597,S639,S640,70276
T598,S376,S377,20644
T599,S370,S373,24973
T600,S369,S370,33000
T601,S320,S343,21277
T603,S339,S461,897
T605,S319,S457,16737
T606,S18,S89,10824
T607,S122,S380,37171
T608,S122,S380,37171
T609,S122,S344,19905
T610,S640,S641,30253
T611,S641,S642,63148
T612,S407,S408,30306
T613,S1,S393,23759
T614,S392,S393,29514
T615,S345,S346,11352
T616,S346,S368,3168
T617,S347,S348,11246
T618,S347,S348,11246
T619,S348,S349,9768
T620,S348,S349,9768
T621,S349,S350,9979
T622,S349,S350,9926
T623,S350,S351,12196
T624,S350,S351,4065
T625,S351,S352,13147
T626,S352,S353,3643
T627,S354,S356,21384
T628,S353,S355,5649
T629,S355,S356,13675
T630,S354,S357,17740
T631,S357,S359,24973
T632,S359,S360,48997
T633,S360,S361,42820
T634,S358,S361,42081
T635,S358,S362,20063
T636,S362,S363,14414
T637,S363,S364,21647
T638,S364,S365,20644
T639,S365,S366,18004
T640,S169,S460,22598
T641,S459,S460,28458
T642,S367,S942,8448
T643,S423,S424,18109
T644,S141,S372,10190
T645,S141,S372,10190
T646,S225,S376,21488
T647,S342,S380,8131
T648,S342,S380,8131
T649,S344,S381,8342
T650,S344,S381,8342
T651,S381,S382,686
T652,S20,S25,12988
T653,S25,S385,15153
T654,S25,S383,18426
T655,S24,S25,9662
T656,S24,S25,9662
T657,S24,S25,9662
T658,S383,S386,29884
T659,S383,S385,2481
T660,S383,S385,2481
T661,S384,S385,7761
T662,S383,S386,29884
T663,S20,S385,1689
T664,S387,S388,36008
T665,S389,S390,31943
T666,S388,S389,12513
T667,S390,S391,16632
T668,S391,S392,15048
T669,S1,S393,23707
T670,S394,S395,33316
T671,S395,S396,19377
T672,S396,S397,24076
T673,S125,S397,25185
T674,S398,S400,33844
T675,S398,S399,43348
T676,S398,S399,43348
T677,S125,S399,56654
T678,S401,S402,32207
T679,S400,S401,26083
T680,S402,S403,19008
T683,S403,S404,28670
T684,S405,S406,32260
T685,S406,S407,19641
T686,S408,S409,55492
T687,S409,S410,49948
T688,S102,S410,8078
T689,S120,S121,633
T691,S411,S412,2481
T692,S121,S412,7761
T693,S120,S412,6705
T694,S411,S412,2376
T695,S105,S411,10401
T696,S415,S416,35269
T697,S420,S421,39019
T698,S421,S422,22228
T699,S424,S425,29040
T700,S425,S426,34214
T701,S332,S427,29145
T702,S332,S427,29145
T703,S426,S427,9556
T704,S330,S428,10348
T705,S330,S428,10401
T706,S429,S430,15417
T707,S430,S431,11668
T708,S431,S432,21278
T709,S433,S435,31257
T710,S432,S433,44299
T711,S434,S436,10718
T712,S434,S435,16790
T713,S434,S435,16790
T714,S436,S437,25713
T715,S437,S441,31838
T716,S438,S442,12302
T717,S438,S439,9451
T718,S438,S439,9451
T719,S439,S440,14783
T720,S439,S440,14730
T721,S440,S441,23126
T722,S440,S441,23179
T723,S442,S443,26558
T724,S443,S445,11880
T725,S444,S447,23125
T726,S444,S446,22756
T727,S444,S446,22756
T728,S182,S445,1689
T729,S182,S446,20327
T730,S447,S448,8764
T731,S448,S449,21436
T732,S449,S450,37435
T733,S253,S450,7180
T734,S253,S674,20011
T735,S253,S674,20063
T736,S451,S452,14625
T737,S451,S674,16843
T738,S452,S453,24921
T739,S453,S454,11985
T740,S454,S455,2481
T741,S455,S456,13147
T742,S131,S456,36432
T743,S319,S340,10982
T744,S318,S319,2376
T745,S341,S458,3062
T746,S318,S458,7920
T747,S340,S341,3062
T748,S57,S459,8131
T749,S57,S459,8131
T750,S57,S341,8817
T752,S227,S339,5227
T754,S126,S466,43824
T755,S465,S466,32841
T758,S467,S468,57075
T759,S469,S675,27244
T760,S470,S675,30043
T761,S136,S473,1267
T762,S49,S136,27719
T763,S474,S475,686
T764,S77,S475,1320
T765,S475,S682,14731
T766,S77,S476,739
T767,S477,S478,27402
T768,S478,S479,37064
T769,S479,S480,19007
T770,S480,S481,24974
T771,S55,S482,2006
T772,S55,S483,37857
T774,S483,S484,44773
T775,S484,S485,49789
T776,S485,S486,9345
T777,S486,S487,1214
T778,S257,S487,4540
T779,S9,S487,897
T780,S489,S490,7391
T781,S490,S491,3220
T782,S490,S491,3220
T783,S9,S491,26452
T784,S129,S494,8870
T785,S229,S494,6494
T786,S229,S494,6494
T787,S494,S686,31996
T788,S8,S228,4435
T789,S3,S8,7233
T790,S3,S678,1372
T791,S3,S228,2428
T792,S3,S677,1742
T793,S68,S474,8078
T794,S495,S1029,57921
T795,S495,S1032,53697
T796,S495,S1029,49103
T797,S495,S1027,33791
T798,S100,S873,45830
T799,S169,S227,9398
T800,S27,S216,15945
T801,S27,S135,1584
T802,S500,S501,22968
T803,S502,S503,28828
T804,S11,S504,41394
T805,S11,S505,11193
T806,S505,S506,10665
T807,S506,S507,14572
T808,S507,S508,10084
T809,S508,S509,8131
T810,S509,S510,2904
T811,S510,S511,13411
T812,S512,S513,11299
T813,S66,S202,4910
T814,S521,S522,11246
T815,S521,S522,11246
T816,S522,S523,9768
T817,S522,S523,9768
T818,S523,S524,9979
T819,S523,S524,9926
T820,S22,S525,3643
T821,S527,S528,17740
T822,S532,S533,20063
T823,S533,S534,14414
T824,S534,S535,21647
T825,S535,S536,20644
T826,S536,S537,18004
T827,S537,S538,48364
T828,S538,S539,21489
T829,S539,S540,11140
T830,S541,S542,14783
T831,S214,S544,6705
T832,S214,S544,6811
T833,S544,S545,6336
T834,S544,S545,6336
T835,S94,S98,15153
T836,S94,S98,15153
T837,S98,S546,15627
T838,S559,S560,9081
T839,S559,S560,9134
T840,S560,S561,11299
T842,S200,S563,39388
T843,S201,S565,67002
T844,S201,S566,34055
T845,S569,S570,6705
T846,S569,S570,6705
T847,S570,S587,74289
T848,S583,S584,5280
T849,S584,S585,5808
T850,S584,S585,7603
T851,S222,S585,40549
T852,S222,S585,40549
T853,S222,S586,22281
T854,S222,S243,14889
T855,S243,S586,5649
T856,S586,S679,12090
T857,S586,S677,8025
T858,S587,S588,74817
T859,S234,S588,12513
T860,S234,S589,104913
T861,S589,S590,68058
T862,S590,S591,62515
T863,S29,S680,11615
T864,S29,S680,11615
T865,S29,S592,28194
T866,S29,S592,28247
T867,S592,S593,71437
T868,S592,S593,71437
T869,S593,S594,9873
T870,S593,S595,20538
T871,S594,S595,10084
T872,S595,S596,31732
T873,S595,S596,31732
T874,S596,S597,1742
T875,S596,S599,18162
T876,S199,S597,950
T877,S598,S599,4910
T878,S598,S599,4910
T879,S598,S599,4910
T880,S599,S600,56495
T881,S599,S600,56495
T882,S601,S602,23073
T883,S601,S602,23126
T884,S603,S604,39388
T885,S143,S605,2006
T886,S143,S329,1953
T888,S64,S152,950
T890,S607,S608,37012
T891,S608,S609,49051
T892,S232,S609,6494
T893,S232,S610,15153
T894,S140,S610,791
T895,S611,S612,61670
T896,S612,S613,79041
T897,S613,S614,24024
T898,S317,S615,62568
T899,S113,S615,46939
T900,S618,S619,39177
T901,S619,S620,17476
T903,S621,S622,36432
T904,S622,S623,17001
T905,S625,S626,13780
T906,S626,S627,844
T907,S626,S628,1056
T908,S627,S628,1214
T909,S72,S629,22281
T910,S629,S630,38280
T911,S215,S630,48470
T912,S215,S631,23865
T913,S631,S632,54648
T914,S632,S633,27192
T915,S633,S634,82843
T916,S634,S635,42345
T917,S636,S637,45672
T918,S637,S638,51215
T922,S31,S652,13200
T923,S653,S654,9504
T924,S664,S665,26135
T925,S670,S671,58185
T926,S212,S526,13675
T927,S18,S89,10830
T928,S10,S524,12196
T929,S10,S524,4065
T930,S10,S525,13147
T931,S677,S678,1108
T932,S678,S679,1584
T933,S28,S679,14889
T934,S679,S680,11352
T935,S679,S680,10665
T936,S136,S226,7075
T937,S681,S683,7656
T938,S681,S683,7708
T939,S226,S681,18690
T940,S682,S683,7180
T941,S682,S683,7180
T942,S91,S93,1900
T943,S93,S690,73339
T944,S93,S690,73339
T945,S93,S199,9715
T946,S93,S199,8923
T947,S199,S598,7761
T948,S199,S598,7761
T949,S209,S733,21753
T950,S204,S209,2428
T951,S209,S684,7075
T952,S204,S684,4012
T953,S203,S684,6336
T954,S684,S685,8184
T955,S203,S685,1372
T956,S230,S686,27455
T957,S230,S687,20908
T958,S687,S688,29884
T959,S69,S688,6124
T960,S69,S688,6124
T961,S69,S231,6547
T962,S69,S116,31520
T963,S116,S231,24551
T964,S116,S1778,11457
T965,S116,S1778,11668
T966,S691,S692,67319
T967,S697,S698,9715
T968,S697,S698,9662
T970,S149,S701,72599
T971,S149,S701,72599
T972,S703,S704,48733
T973,S704,S705,73180
T974,S705,S706,66633
T975,S713,S714,12619
T976,S155,S720,10454
T977,S157,S720,6283
T978,S721,S722,11457
T979,S721,S722,11774
T980,S155,S157,3695
T981,S723,S724,15733
T982,S723,S724,15733
T983,S725,S726,20908
T984,S723,S725,46516
T985,S723,S725,46516
T986,S323,S726,6283
T987,S323,S726,6283
T988,S727,S728,36536
T989,S729,S732,48470
T990,S729,S732,51268
T991,S729,S730,19852
T992,S729,S731,45672
T993,S730,S731,24921
T994,S732,S807,17423
T995,S732,S806,19324
T996,S737,S738,25502
T999,S211,S740,6652
T1000,S742,S743,28723
T1001,S744,S745,7075
T1002,S745,S746,30782
T1003,S756,S757,39282
T1004,S758,S759,13411
T1005,S306,S307,20222
T1006,S306,S307,20169
T1007,S778,S780,25924
T1008,S177,S779,44351
T1009,S177,S781,1953
T1010,S785,S786,9556
T1011,S786,S787,17740
T1012,S787,S788,31310
T1013,S790,S791,11510
T1014,S792,S793,10401
T1015,S792,S793,10348
T1016,S792,S794,7708
T1017,S805,S835,50107
T1018,S317,S805,38860
T1019,S224,S806,5860
T1020,S806,S809,7391
T1021,S806,S807,792
T1022,S808,S809,422
T1023,S808,S809,422
T1024,S224,S809,2640
T1025,S810,S815,40021
T1026,S810,S815,40021
T1027,S810,S811,5174
T1028,S810,S811,5174
T1029,S808,S811,9398
T1030,S808,S811,9398
T1031,S813,S814,844
T1032,S304,S816,7233
T1033,S304,S816,7233
T1034,S816,S817,12566
T1035,S816,S817,12566
T1036,S813,S817,1584
T1037,S814,S817,1636
T1038,S818,S821,21647
T1039,S818,S819,15364
T1040,S818,S819,15364
T1041,S820,S821,15417
T1042,S820,S821,15417
T1043,S823,S824,8500
T1044,S822,S823,10982
T1045,S152,S246,2111
T1046,S246,S838,792
T1047,S246,S826,7127
T1048,S246,S825,3432
T1049,S825,S826,1267
T1050,S826,S827,13358
T1051,S826,S827,13358
T1052,S140,S828,1214
T1053,S140,S828,1214
T1054,S812,S828,4435
T1055,S812,S828,4435
T1056,S813,S828,4382
T1057,S191,S832,25079
T1058,S191,S832,25079
T1059,S74,S829,5016
T1060,S74,S830,5016
T1061,S74,S144,2376
T1062,S74,S170,2428
T1063,S140,S187,4012
T1064,S15,S831,50318
T1065,S15,S831,50318
T1066,S2,S831,1531
T1067,S831,S832,1056
T1068,S831,S832,2745
T1069,S2,S832,686
T1070,S2,S833,1214
T1071,S14,S834,50476
T1072,S14,S15,70065
T1073,S15,S336,58660
T1074,S835,S836,43982
T1076,S806,S837,950
T1077,S807,S837,844
T1078,S239,S873,5068
T1079,S5,S239,9504
T1080,S5,S239,8448
T1081,S143,S152,11140
T1082,S143,S152,10612
T1083,S152,S838,844
T1084,S839,S841,3220
T1085,S839,S843,2006
T1086,S143,S839,29409
T1087,S143,S839,29462
T1088,S840,S841,28776
T1089,S841,S843,2745
T1090,S842,S844,18268
T1091,S18,S843,1320
T1092,S18,S842,2164
T1093,S18,S604,8395
T1094,S217,S845,8448
T1095,S21,S847,12355
T1096,S21,S846,8342
T1097,S217,S846,2112
T1098,S219,S847,2904
T1099,S850,S851,43876
T1100,S853,S854,50740
T1101,S137,S327,13674
T1102,S137,S327,13674
T1103,S328,S856,11563
T1104,S858,S859,37593
T1105,S859,S860,23706
T1106,S860,S861,42609
T1107,S861,S899,60614
T1108,S106,S255,25871
T1109,S106,S255,25871
T1110,S862,S897,27455
T1111,S862,S897,27455
T1112,S863,S864,580
T1113,S148,S863,739
T1114,S148,S863,739
T1115,S106,S863,1532
T1116,S106,S863,20222
T1117,S106,S863,20222
T1118,S223,S308,6282
T1119,S223,S864,5491
T1120,S147,S223,1953
T1121,S147,S223,1953
T1122,S147,S223,1953
T1123,S147,S148,1531
T1124,S147,S148,1953
T1125,S308,S1031,3748
T1126,S223,S308,6177
T1127,S223,S308,6177
T1128,S168,S865,4593
T1129,S865,S866,1953
T1130,S312,S865,1372
T1131,S19,S865,1214
T1132,S19,S865,1214
T1133,S19,S308,6494
T1134,S19,S1031,2270
T1135,S168,S867,422
T1136,S866,S867,1478
T1137,S866,S867,1478
T1138,S868,S870,45830
T1139,S868,S869,26821
T1140,S869,S1030,6441
T1141,S869,S1030,7233
T1142,S870,S887,37223
T1143,S219,S848,48205
T1144,S17,S872,739
T1145,S5,S17,739
T1146,S5,S17,739
T1147,S17,S871,23232
T1148,S17,S871,23232
T1149,S870,S871,844
T1150,S870,S871,792
T1151,S5,S872,792
T1152,S874,S876,43295
T1153,S874,S875,41922
T1154,S874,S875,41922
T1155,S240,S880,6230
T1156,S240,S876,36114
T1157,S877,S882,49579
T1158,S877,S878,40392
T1159,S877,S878,40391
T1160,S878,S879,34108
T1161,S879,S880,23917
T1162,S881,S882,25924
T1163,S883,S885,13516
T1164,S883,S884,29990
T1165,S886,S887,44616
T1166,S233,S889,7656
T1167,S233,S889,7656
T1168,S233,S885,24499
T1169,S13,S890,7233
T1170,S13,S891,7339
T1171,S218,S891,3484
T1172,S13,S894,4118
T1173,S13,S895,4804
T1174,S892,S893,26346
T1175,S894,S895,2534
T1176,S894,S895,2534
T1177,S892,S894,3537
T1178,S892,S895,4329
T1179,S896,S898,33527
T1180,S896,S898,33527
T1181,S894,S896,12883
T1182,S894,S896,12883
T1183,S897,S898,1636
T1184,S897,S898,1531
T1185,S114,S115,6652
T1186,S99,S115,1267
T1187,S99,S114,8395
T1188,S909,S910,6230
T1189,S910,S911,7128
T1190,S911,S912,5280
T1191,S912,S913,7497
T1192,S316,S913,15312
T1193,S316,S913,15312
T1194,S914,S917,49843
T1195,S914,S917,49896
T1196,S914,S915,9820
T1197,S914,S915,9873
T1198,S915,S916,10507
T1199,S915,S916,10507
T1201,S918,S919,102643
T1202,S919,S921,37012
T1203,S920,S922,87859
T1204,S920,S921,18110
T1205,S920,S921,18110
T1206,S922,S923,44351
T1207,S923,S925,13411
T1208,S924,S926,18743
T1209,S924,S925,3168
T1210,S926,S927,36590
T1211,S53,S927,45407
T1212,S172,S928,41236
T1213,S928,S929,43137
T1215,S930,S932,18532
T1216,S931,S932,10771
T1217,S933,S934,73655
T1218,S934,S936,52747
T1219,S935,S938,24181
T1220,S935,S936,4276
T1221,S937,S939,6230
T1222,S937,S938,40285
T1223,S939,S940,43559
T1224,S197,S940,1320
T1225,S192,S197,7497
T1226,S197,S207,1478
T1227,S197,S941,2376
T1228,S207,S940,1425
T1229,S87,S118,8131
T1230,S118,S942,6019
T1231,S88,S123,6705
T1232,S88,S123,6758
T1233,S242,S268,13463
T1234,S242,S944,8764
T1235,S944,S946,10137
T1236,S945,S946,27508
T1237,S241,S947,5649
T1238,S241,S325,2904
T1239,S241,S292,5649
T1240,S241,S292,6019
T1241,S292,S945,6441
T1242,S292,S945,6441
T1243,S26,S948,12355
T1244,S26,S948,12355
T1245,S948,S949,10771
T1246,S948,S949,10771
T1247,S30,S950,8553
T1248,S30,S951,8553
T1249,S26,S30,16315
T1250,S26,S30,15787
T1251,S952,S956,14625
T1252,S952,S953,13516
T1253,S952,S953,13516
T1254,S953,S954,5491
T1255,S291,S955,10296
T1256,S291,S955,10296
T1257,S955,S956,4224
T1258,S955,S956,4171
T1260,S33,S291,7972
T1261,S32,S957,13358
T1262,S32,S957,13358
T1263,S290,S958,7603
T1264,S237,S958,6177
T1265,S322,S960,25026
T1266,S189,S322,5596
T1267,S189,S290,10348
T1268,S959,S960,39599
T1269,S959,S960,39599
T1270,S248,S959,13357
T1271,S248,S959,13357
T1272,S67,S962,20433
T1273,S961,S962,7022
T1275,S963,S970,2956
T1276,S963,S971,2956
T1277,S963,S972,2956
T1278,S961,S963,15153
T1279,S963,S964,4065
T1280,S963,S964,4065
T1281,S967,S970,1848
T1282,S968,S971,1848
T1283,S289,S969,1689
T1284,S289,S971,580
T1285,S289,S972,580
T1286,S109,S974,12142
T1287,S973,S974,5016
T1288,S973,S974,5016
T1289,S975,S976,897
T1290,S337,S975,950
T1291,S289,S975,2112
T1293,S337,S976,1003
T1294,S184,S185,46833
T1295,S184,S185,56337
T1296,S977,S978,31626
T1297,S90,S174,53432
T1298,S36,S90,35428
T1299,S36,S980,28828
T1300,S70,S980,7656
T1301,S981,S985,29092
T1302,S235,S985,17212
T1303,S235,S981,11510
T1304,S981,S982,38279
T1305,S981,S982,38279
T1306,S983,S986,44246
T1307,S983,S986,44246
T1308,S983,S984,25872
T1309,S983,S984,25872
T1310,S984,S985,32682
T1311,S984,S985,32682
T1312,S192,S986,34900
T1313,S192,S986,34900
T1314,S145,S146,11352
T1315,S145,S987,2112
T1316,S145,S146,2323
T1317,S146,S987,580
T1318,S987,S2921,11088
T1319,S179,S220,26716
T1320,S179,S220,26716
T1321,S179,S2922,2587
T1322,S44,S179,12935
T1323,S44,S179,1953
T1324,S44,S179,1161
T1325,S194,S220,47731
T1326,S4,S151,46411
T1327,S95,S138,59610
T1328,S995,S997,34477
T1329,S188,S997,28406
T1330,S188,S997,28406
T1331,S1002,S1005,11035
T1332,S1002,S1003,77034
T1333,S1002,S1003,76981
T1334,S1004,S2923,168115
T1335,S334,S1006,18638
T1336,S334,S1006,18638
T1337,S334,S1005,14308
T1338,S1008,S1010,20379
T1339,S1008,S1009,5280
T1340,S1008,S1029,61617
T1341,S1009,S1029,44510
T1342,S1008,S1012,38121
T1343,S1011,S1012,47361
T1344,S1011,S1012,47308
T1345,S1010,S1012,8606
T1346,S1013,S1028,60613
T1347,S1013,S1028,60666
T1348,S42,S43,36484
T1349,S42,S43,36432
T1350,S1015,S1028,65418
T1351,S1015,S1028,56231
T1352,S41,S43,44879
T1353,S47,S1018,31943
T1354,S47,S1018,31890
T1355,S47,S1016,57340
T1356,S47,S1016,57340
T1357,S46,S1019,30623
T1358,S46,S1019,30623
T1359,S46,S1017,28934
T1360,S46,S1017,28881
T1361,S1017,S1018,42820
T1362,S1017,S1018,42820
T1363,S44,S313,30465
T1364,S44,S313,30465
T1365,S1020,S1021,54119
T1366,S1020,S1021,54119
T1367,S1020,S2088,52747
T1368,S1020,S2088,52747
T1369,S1021,S1022,49051
T1370,S1021,S1022,49051
T1371,S1022,S1024,54330
T1372,S1022,S1024,54277
T1373,S1023,S1025,39599
T1374,S1023,S1025,39599
T1375,S1023,S1024,51955
T1376,S1023,S1024,51955
T1377,S1025,S1026,39968
T1378,S1025,S1026,49419
T1379,S1026,S1032,48205
T1380,S1026,S1032,48205
T1381,S1027,S1032,10823
T1382,S168,S1030,10876
T1383,S168,S1030,10876
T1384,S1040,S1125,16473
T1385,S1040,S1125,16420
T1386,S1040,S1477,36061
T1387,S1042,S1080,45196
T1388,S1042,S1084,62197
T1389,S1042,S1080,45196
T1390,S1042,S1084,62197
T1391,S1037,S1404,39810
T1392,S1052,S1395,36748
T1394,S1106,S1403,15787
T1395,S1049,S1784,12460
T1396,S1055,S1784,9978
T1398,S1069,S1148,55492
T1399,S1055,S1281,9979
T1400,S1055,S1784,9978
T1401,S1055,S1784,9978
T1404,S1141,S2924,20961
T1407,S1064,S1089,28141
T1408,S1062,S1064,28141
T1409,S1241,S1613,13252
T1410,S1072,S1115,33210
T1411,S1072,S1115,33157
T1415,S1080,S1585,43876
T1416,S1080,S1585,43929
T1417,S1081,S1083,8025
T1418,S1056,S1363,31996
T1419,S1084,S1085,53274
T1420,S1084,S1085,53274
T1421,S1083,S1332,17687
T1422,S1086,S1087,1478
T1423,S1086,S1087,1478
T1424,S1034,S1087,54911
T1425,S1034,S1087,54911
T1426,S1056,S1082,25396
T1427,S1085,S1088,39335
T1428,S1085,S1088,39335
T1429,S1088,S1586,55439
T1430,S1088,S1586,55439
T1433,S1089,S1669,5596
T1434,S1062,S1669,5596
T1435,S1089,S1092,47677
T1436,S1089,S1092,47677
T1437,S1089,S1092,47677
T1438,S1095,S1670,64362
T1439,S1095,S1670,64362
T1440,S1095,S1670,64362
T1441,S1601,S1646,22228
T1442,S1057,S1309,31626
T1443,S1057,S1309,31626
T1444,S1057,S1309,31626
T1445,S1104,S1174,24498
T1446,S1104,S1174,24498
T1447,S1104,S1174,24498
T1448,S1500,S1501,7075
T1449,S1301,S1501,10770
T1450,S1109,S1501,39863
T1451,S1351,S1375,18532
T1452,S1440,S1441,1900
T1453,S1120,S1330,51216
T1454,S1728,S1729,19957
T1455,S1680,S1681,21752
T1456,S1738,S1739,1003
T1458,S1121,S1433,14360
T1459,S1115,S1200,7128
T1460,S1115,S1201,7128
T1462,S1422,S1530,64362
T1463,S1422,S1558,74288
T1464,S1049,S1671,6124
T1465,S1051,S1784,7708
T1466,S1302,S1484,5280
T1467,S1302,S1484,5227
T1468,S1302,S1485,5068
T1471,S1034,S1148,62303
T1472,S1034,S1130,10718
T1473,S1096,S1129,1161
T1474,S1130,S1148,51215
T1475,S1058,S1147,28511
T1476,S1131,S1256,17053
T1477,S1131,S1132,950
T1478,S1131,S1133,1108
T1479,S1103,S1129,3168
T1480,S1132,S1133,897
T1481,S1200,S1202,8711
T1482,S1201,S1202,8711
T1483,S1201,S1202,8712
T1484,S1200,S1202,8712
T1485,S1134,S1141,1108
T1486,S1135,S1136,48153
T1487,S1039,S1135,23654
T1488,S1385,S2925,10243
T1489,S1128,S1210,6388
T1491,S1113,S1137,41922
T1492,S1134,S1141,1108
T1493,S1145,S1202,23390
T1494,S1063,S1145,40866
T1495,S1063,S1145,40866
T1496,S1205,S1206,10770
T1497,S1058,S1147,28511
T1498,S1205,S1206,10770
T1499,S1205,S1206,13094
T1500,S1159,S1488,11880
T1501,S1146,S1651,19113
T1502,S1149,S1651,32629
T1503,S1149,S1651,32629
T1504,S1146,S1149,12988
T1505,S1038,S1149,1478
T1506,S1149,S1150,1636
T1507,S1149,S1372,37487
T1508,S1149,S1476,44721
T1509,S1038,S1476,42820
T1510,S1150,S1372,35481
T1511,S1038,S1150,1161
T1512,S1069,S1148,55492
T1513,S1069,S1152,9187
T1514,S1070,S1163,38807
T1515,S1070,S1162,38807
T1516,S1352,S1375,32682
T1517,S1070,S1152,38860
T1518,S1153,S1155,1478
T1519,S1155,S1463,6230
T1520,S1162,S1166,28352
T1521,S1145,S1202,6969
T1523,S1140,S1669,17740
T1524,S1140,S1669,17529
T1526,S1160,S1293,1795
T1527,S1161,S1529,61458
T1528,S1161,S1530,51426
T1529,S1163,S1167,29250
T1530,S1184,S1195,28247
T1531,S1195,S1196,68797
T1532,S1164,S1592,13728
T1533,S1165,S1710,3643
T1535,S1198,S1199,77087
T1536,S1196,S1198,105916
T1537,S1166,S1167,844
T1538,S1166,S1168,3432
T1539,S1167,S1466,56496
T1540,S1167,S1168,1214
T1541,S1168,S1400,19429
T1542,S1174,S1206,18796
T1543,S1174,S1206,18796
T1544,S1174,S1206,18796
T1545,S1175,S1182,950
T1546,S1177,S1182,950
T1547,S1171,S1175,1003
T1548,S1171,S1177,1003
T1549,S1179,S1180,10032
T1550,S1181,S1333,61617
T1552,S1182,S1785,6652
T1554,S1182,S1785,6652
T1555,S1182,S1785,6652
T1556,S1182,S1785,6652
T1558,S1186,S1468,40074
T1559,S1186,S1468,40074
T1560,S1186,S1197,72652
T1561,S1186,S1197,72652
T1562,S1178,S1235,5016
T1563,S1178,S1188,13199
T1565,S1190,S1205,1584
T1566,S1057,S1171,12565
T1567,S1057,S1171,12301
T1568,S1057,S1171,11404
T1569,S1057,S1171,11404
T1570,S1111,S1197,10875
T1571,S1346,S1349,33528
T1572,S1207,S1399,9714
T1573,S1211,S1297,15628
T1574,S1213,S1567,4752
T1575,S1111,S1197,3537
T1576,S1111,S1224,41552
T1577,S1111,S1224,30253
T1578,S1048,S1191,83053
T1579,S1048,S1191,83053
T1580,S1208,S1209,8817
T1581,S1208,S1209,8817
T1582,S1070,S1152,38860
T1583,S1540,S1659,41764
T1584,S1232,S1466,34478
T1585,S1232,S1466,34425
T1586,S1184,S1222,50370
T1587,S1222,S1244,77668
T1588,S1224,S1249,50845
T1589,S1224,S1249,50845
T1590,S1770,S1771,12460
T1594,S1235,S1236,8659
T1595,S1235,S1236,8659
T1596,S1236,S1237,10665
T1597,S1236,S1237,10665
T1599,S1241,S1242,11562
T1600,S1241,S1242,11563
T1601,S1242,S1243,5227
T1602,S1241,S1243,17370
T1603,S1244,S1245,61194
T1604,S1245,S1246,62832
T1605,S1246,S1247,74711
T1607,S1249,S1260,62039
T1608,S1249,S1260,61986
T1609,S1248,S1261,46728
T1610,S1250,S1637,19166
T1611,S1250,S1638,54647
T1613,S1251,S1253,528
T1615,S1524,S2926,17370
T1616,S1172,S1393,15998
T1617,S1257,S1258,950
T1618,S1257,S1258,1003
T1619,S1258,S1259,844
T1620,S1257,S1259,792
T1621,S1223,S1260,36008
T1622,S1223,S1260,36008
T1623,S1261,S1262,88967
T1624,S1262,S1263,82790
T1625,S1263,S2616,40338
T1628,S1086,S1268,9768
T1629,S1086,S1268,9768
T1630,S1086,S1268,10084
T1631,S1086,S1268,10084
T1634,S1269,S1270,26663
T1635,S1270,S1271,14942
T1636,S1270,S1271,14994
T1637,S1269,S1271,42662
T1638,S48,S1271,54805
T1639,S48,S1271,54752
T1646,S1694,S1695,21225
T1647,S1693,S1694,18004
T1648,S1285,S1616,2376
T1649,S1223,S1303,30940
T1650,S1223,S1303,30887
T1652,S1287,S1291,8342
T1653,S1116,S1194,42979
T1654,S1170,S1208,31626
T1655,S1297,S1598,9715
T1656,S1497,S1538,62365
T1657,S1497,S1502,45353
T1658,S1502,S1503,94492
T1659,S1503,S1510,82100
T1660,S1510,S1511,64400
T1662,S1515,S1516,45072
T1663,S1516,S1556,41936
T1664,S1303,S1306,40285
T1665,S1303,S1306,40285
T1666,S1556,S1557,74103
T1667,S1557,S1558,68802
T1668,S1212,S1733,12513
T1669,S1098,S1294,8130
T1670,S1306,S1312,37434
T1671,S1306,S1312,37434
T1672,S1190,S1309,6388
T1673,S1628,S2927,10284
T1674,S1311,S1398,14836
T1675,S1398,S1605,84532
T1676,S1310,S1480,792
T1677,S1312,S1313,40022
T1678,S1312,S1313,40022
T1679,S1313,S1314,40285
T1680,S1313,S1314,40233
T1681,S1314,S1315,35217
T1682,S1314,S1315,35216
T1683,S1315,S1316,60878
T1684,S1315,S1316,60878
T1685,S1047,S1316,60719
T1686,S1047,S1316,60719
T1687,S1047,S1317,14256
T1688,S1047,S1318,14256
T1689,S1047,S1318,14995
T1690,S1317,S1319,9292
T1691,S1318,S1319,9292
T1692,S1318,S1319,8817
T1693,S1319,S1321,86855
T1694,S1319,S1321,86802
T1695,S1319,S1320,41870
T1696,S1320,S1321,38808
T1697,S1321,S1322,6177
T1698,S1321,S1322,6230
T1699,S1321,S1322,6177
T1700,S1048,S1323,24709
T1701,S1323,S1324,28142
T1702,S1324,S1325,37012
T1703,S1325,S1326,36748
T1704,S1048,S1322,8342
T1705,S1048,S1322,8342
T1706,S1191,S1327,48575
T1707,S1191,S1327,48575
T1708,S1056,S1327,41236
T1709,S1056,S1327,41236
T1710,S1056,S1328,10824
T1711,S1056,S1328,10824
T1712,S1056,S1328,10136
T1713,S1056,S1328,10136
T1714,S1328,S1329,9292
T1715,S1328,S1329,8712
T1716,S1328,S1329,8712
T1717,S1329,S1334,25924
T1718,S1329,S1334,25871
T1720,S1209,S1330,59716
T1721,S1120,S1128,2481
T1722,S1120,S1210,9240
T1724,S1128,S2928,5913
T1725,S1257,S1331,8236
T1726,S1257,S1331,8236
T1727,S1081,S1331,14361
T1728,S1332,S1333,39652
T1729,S1181,S1362,60402
T1730,S1334,S1335,53644
T1731,S1334,S1335,53644
T1732,S1335,S1336,53011
T1733,S1335,S1336,53011
T1734,S1134,S1336,16156
T1735,S1336,S1337,58502
T1736,S1134,S1337,30676
T1737,S1337,S1338,52377
T1738,S1337,S1338,52377
T1739,S1338,S1339,56443
T1740,S1338,S1339,56337
T1743,S1044,S1340,69378
T1744,S1044,S1340,69378
T1745,S1045,S1340,71437
T1746,S1045,S1340,83053
T1747,S1045,S1341,82262
T1748,S1045,S1341,82262
T1749,S1341,S1342,76032
T1750,S1341,S1342,76032
T1751,S1286,S1342,62144
T1752,S1286,S1342,62145
T1753,S1286,S2929,2692
T1754,S1046,S1286,69168
T1755,S1046,S1286,69168
T1756,S1046,S1343,77404
T1757,S1046,S1343,77404
T1758,S1343,S1344,63096
T1759,S1343,S1344,51902
T1760,S1344,S1345,56706
T1761,S1344,S1345,56653
T1762,S1043,S1345,57446
T1763,S1043,S1345,57446
T1764,S1043,S1514,44193
T1765,S1043,S1346,10560
T1766,S1043,S1346,10560
T1767,S1043,S1346,10560
T1768,S1346,S1555,14466
T1769,S1346,S1347,29937
T1770,S1043,S1346,10560
T1771,S1346,S1555,14466
T1772,S1043,S1514,44193
T1773,S1347,S1555,14836
T1774,S1347,S1555,14836
T1775,S1347,S1348,792
T1776,S1347,S1348,792
T1777,S1347,S1349,792
T1778,S1347,S1349,792
T1779,S1348,S1420,7866
T1780,S1280,S1349,1003
T1781,S1281,S1349,264
T1782,S1231,S1349,1372
T1783,S1352,S1401,15522
T1784,S1350,S1401,15522
T1785,S1151,S1350,1320
T1786,S1350,S1351,3748
T1787,S1353,S1375,61300
T1788,S1353,S1354,46622
T1789,S1353,S1354,46622
T1790,S1354,S1512,49473
T1791,S1354,S1512,49473
T1792,S1353,S1375,61300
T1793,S1355,S1580,50740
T1794,S1356,S1357,54067
T1795,S1356,S1517,50899
T1796,S1356,S1517,50899
T1797,S1356,S1357,54067
T1798,S1357,S1358,45460
T1799,S1357,S1358,45460
T1800,S1358,S1666,51004
T1801,S1358,S1666,51004
T1802,S1326,S1361,27614
T1803,S1278,S1361,6730
T1804,S1278,S1363,4593
T1805,S1361,S1363,4646
T1806,S1361,S1362,3432
T1807,S1362,S1363,2692
T1808,S1082,S1363,5860
T1809,S1327,S1361,15470
T1810,S1049,S1364,36642
T1811,S1049,S1364,36642
T1812,S1049,S1364,36008
T1813,S1049,S1672,9978
T1814,S1049,S1672,9978
T1815,S1364,S1365,10401
T1816,S1364,S1365,10348
T1817,S1364,S1365,10348
T1818,S1365,S1469,54647
T1819,S1365,S1469,54647
T1820,S1365,S1469,54647
T1821,S1366,S1469,29092
T1822,S1366,S1470,13147
T1823,S1367,S1475,44140
T1824,S1367,S1475,44193
T1825,S1367,S1369,4329
T1826,S1367,S1368,14255
T1827,S1368,S1369,9504
T1828,S1367,S1368,14255
T1829,S1368,S1651,24551
T1830,S1368,S1651,24551
T1831,S1367,S1475,44193
T1832,S1124,S1125,11193
T1833,S1124,S1125,10612
T1836,S1370,S1482,47889
T1837,S1371,S1482,47889
T1838,S1126,S1370,3801
T1839,S1126,S1371,3801
T1840,S1126,S1483,25027
T1841,S1126,S1483,25502
T1845,S1076,S1374,35605
T1846,S1076,S1374,35605
T1848,S1076,S1376,4276
T1849,S1376,S1377,14044
T1850,S1376,S1377,14044
T1851,S1377,S1660,11456
T1852,S1076,S1660,30781
T1853,S1378,S1660,39071
T1854,S1378,S1660,39071
T1855,S1378,S1379,44246
T1856,S1378,S1379,44193
T1857,S1379,S1381,44404
T1858,S1379,S1381,44404
T1859,S1098,S1409,18690
T1860,S1380,S1590,47836
T1861,S1380,S1569,42292
T1862,S1380,S1590,47836
T1863,S1380,S1569,42292
T1866,S1382,S1383,31046
T1867,S1382,S1383,40920
T1870,S1075,S1384,48311
T1871,S1075,S1384,48311
T1874,S1385,S1386,1478
T1875,S1386,S1387,13305
T1878,S1389,S1390,50951
T1879,S1389,S1390,50951
T1880,S1077,S1390,37051
T1881,S1077,S1390,37051
T1882,S1077,S1391,9398
T1883,S1077,S1391,9398
T1884,S1077,S1391,9398
T1885,S1077,S1391,9081
T1886,S1077,S1391,9081
T1887,S1077,S1391,9134
T1888,S1077,S1391,9768
T1889,S1077,S1391,9768
T1890,S1391,S1392,18690
T1891,S1391,S1392,18690
T1892,S1255,S1392,33369
T1893,S1255,S1392,33369
T1894,S1172,S1255,17635
T1895,S1393,S1394,32049
T1896,S1394,S1395,16684
T1897,S1052,S1396,35058
T1898,S1396,S1397,28775
T1899,S1311,S1397,36959
T1900,S1311,S1398,14836
T1901,S1398,S1399,12091
T1902,S1398,S1399,12090
T1903,S1207,S1399,10032
T1904,S1207,S1399,9504
T1905,S1400,S1466,23601
T1906,S1207,S1300,3326
T1907,S1207,S1300,2587
T1908,S1300,S1490,28670
T1909,S1300,S1490,28669
T1910,S1401,S1505,57023
T1911,S1401,S1505,57023
T1912,S1108,S1402,27772
T1913,S1402,S1539,99052
T1914,S1037,S1106,2904
T1915,S1106,S1107,8923
T1916,S1108,S1403,1320
T1917,S1107,S1108,8184
T1918,S1107,S1403,6230
T1919,S1404,S1405,21859
T1920,S1405,S1408,74236
T1921,S1406,S1485,8606
T1922,S1406,S1485,8606
T1923,S1406,S1485,8606
T1924,S1406,S1485,8606
T1925,S1407,S1486,9187
T1926,S1407,S1486,9187
T1927,S1407,S1486,8711
T1928,S1407,S1486,8711
T1929,S1408,S1410,16684
T1930,S1409,S1410,1742
T1931,S1096,S1411,5649
T1932,S1098,S1411,2217
T1933,S1302,S1494,17793
T1934,S1302,S1495,9504
T1935,S1302,S1485,5227
T1936,S1103,S1412,1214
T1937,S1103,S1412,1161
T1938,S1096,S1103,4699
T1939,S1096,S1413,3009
T1940,S1096,S1413,1214
T1941,S1096,S1414,3379
T1942,S1294,S1413,4435
T1943,S1294,S1414,2481
T1944,S1294,S1415,2323
T1945,S1100,S1415,950
T1946,S1101,S1415,2164
T1947,S1101,S1294,4910
T1948,S1100,S1294,3590
T1949,S1100,S1416,422
T1950,S1100,S1416,422
T1951,S1100,S1101,369
T1952,S1101,S1138,13041
T1953,S1101,S1138,13992
T1954,S1138,S1267,7867
T1955,S1267,S1417,28669
T1956,S1267,S1417,28669
T1957,S1417,S1418,61036
T1958,S1117,S1418,42609
T1959,S1348,S1419,5755
T1960,S1117,S1421,21224
T1961,S1421,S1526,91608
T1962,S1229,S1422,7550
T1963,S1230,S1422,17687
T1964,S1229,S1230,9503
T1965,S1230,S1423,116687
T1966,S1230,S1423,116634
T1967,S1114,S1423,56706
T1968,S1114,S1423,56653
T1969,S1114,S1424,94669
T1970,S1114,S1424,94669
T1971,S1424,S1425,80414
T1972,S1424,S1425,80414
T1973,S1425,S1426,41500
T1974,S1425,S1426,41553
T1975,S1426,S1428,9715
T1976,S1426,S1427,14414
T1977,S1427,S1428,3432
T1978,S1427,S1429,34583
T1979,S1427,S1429,34583
T1980,S1429,S1431,23548
T1981,S1429,S1430,11721
T1982,S1430,S1431,10560
T1983,S1431,S1432,59822
T1984,S1431,S1432,59822
T1985,S1216,S1432,44404
T1986,S1216,S1432,44351
T1988,S1055,S1280,8817
T1989,S1055,S1280,8817
T1990,S1055,S1280,9081
T1991,S1055,S1281,8606
T1992,S1055,S1281,8342
T1993,S1055,S1281,8078
T1994,S1055,S1281,8025
T1995,S1216,S1433,26452
T1996,S1216,S1433,26452
T1997,S1121,S1433,23284
T1998,S1102,S1304,26188
T1999,S1102,S1434,3115
T2000,S1102,S1435,16420
T2001,S1434,S1435,12618
T2002,S1304,S1436,29303
T2003,S1436,S1438,20854
T2004,S1437,S1439,24129
T2005,S1437,S1438,35744
T2006,S1437,S1438,35744
T2007,S1439,S1440,44932
T2008,S1440,S1645,7920
T2009,S1441,S1443,17688
T2010,S1442,S1443,8712
T2011,S1110,S1446,46674
T2012,S1110,S1444,23865
T2013,S1110,S1444,23865
T2014,S1444,S1445,14466
T2015,S1444,S1445,14466
T2016,S1443,S1445,15100
T2017,S1442,S1445,5966
T2018,S1446,S1447,34583
T2019,S1447,S1448,45460
T2020,S1448,S1449,43876
T2021,S1449,S1450,39388
T2022,S1450,S1451,35375
T2023,S1451,S1452,72652
T2024,S1452,S1453,47783
T2025,S1295,S1453,34583
T2026,S1295,S1454,34900
T2027,S1454,S1455,29778
T2028,S1455,S1456,62039
T2029,S1456,S1458,14836
T2030,S1457,S1459,51163
T2031,S1457,S1458,9715
T2032,S1457,S1458,9556
T2033,S1459,S1460,79464
T2034,S1460,S1461,52430
T2035,S1461,S1462,70328
T2036,S1462,S1463,43295
T2037,S1109,S1153,68956
T2038,S1301,S1464,16104
T2039,S1109,S1464,4699
T2040,S1199,S1465,53485
T2041,S1301,S1465,35533
T2042,S1228,S1467,10032
T2043,S1227,S1228,10032
T2044,S1069,S1152,9187
T2045,S1469,S1470,53485
T2046,S1469,S1470,53485
T2047,S1470,S1509,36272
T2048,S1470,S1509,36220
T2049,S1470,S1509,36273
T2050,S1471,S1509,25501
T2052,S1471,S1472,13094
T2054,S1472,S1658,50106
T2055,S1472,S1658,50106
T2056,S1472,S1658,50053
T2057,S1473,S1658,25291
T2058,S1473,S1658,25291
T2059,S1473,S1658,25291
T2060,S1473,S1474,63781
T2061,S1473,S1474,63781
T2062,S1473,S1474,63781
T2063,S1474,S1475,48998
T2064,S1474,S1475,48998
T2065,S1215,S1474,10400
T2066,S1215,S1475,38174
T2068,S1217,S1476,10032
T2070,S1040,S1477,36009
T2071,S1050,S1127,39599
T2072,S1113,S1137,41922
T2073,S1050,S1127,39599
T2074,S1478,S1481,32418
T2075,S1478,S1481,32418
T2076,S1041,S1065,9028
T2077,S1041,S1293,7708
T2078,S1041,S1479,4857
T2079,S1036,S1041,4328
T2080,S1036,S1041,4117
T2081,S1479,S1543,21700
T2082,S1479,S1543,21700
T2083,S1041,S1479,4012
T2084,S1036,S1293,1689
T2085,S1289,S1293,3220
T2086,S1160,S1290,897
T2087,S1289,S1480,2270
T2088,S1290,S1480,2323
T2089,S1287,S1480,3748
T2090,S1287,S1480,3748
T2091,S1287,S1310,2164
T2094,S1412,S1484,6388
T2095,S1412,S1485,6388
T2096,S1485,S1486,1636
T2097,S1274,S1496,78196
T2098,S1274,S1506,72230
T2101,S1065,S1487,3590
T2102,S1065,S1479,8289
T2103,S1293,S1487,21384
T2104,S1489,S1490,42556
T2105,S1489,S1490,42503
T2106,S1489,S1661,42345
T2107,S1489,S1661,42345
T2108,S1491,S1492,39757
T2109,S1491,S1492,39757
T2110,S1492,S1493,36748
T2111,S1492,S1493,36748
T2114,S1494,S1495,1636
T2115,S1496,S2603,74922
T2116,S1498,S1506,58344
T2118,S1105,S1498,12460
T2119,S1105,S1499,633
T2120,S1073,S1105,5808
T2121,S1073,S1500,14520
T2122,S1499,S1500,19587
T2123,S1193,S1586,15575
T2124,S1193,S1586,15575
T2125,S1193,S1587,45354
T2126,S1193,S1587,45354
T2127,S1504,S1508,53380
T2128,S1504,S1508,53327
T2129,S1504,S1505,46305
T2130,S1504,S1505,46305
T2131,S1507,S1662,5068
T2132,S1507,S1662,5068
T2133,S1507,S1508,41289
T2134,S1507,S1508,41289
T2135,S1512,S1513,57551
T2136,S1512,S1513,57551
T2137,S1513,S1517,62831
T2138,S1513,S1517,62884
T2139,S1514,S1666,38068
T2140,S1514,S1666,38015
T2141,S1138,S1518,3115
T2142,S1519,S1520,686
T2143,S1520,S1521,369
T2144,S1138,S1520,4329
T2145,S1435,S1522,1900
T2146,S1435,S1523,1900
T2147,S1524,S1554,36167
T2148,S1524,S1525,6705
T2149,S1524,S1525,6705
T2150,S1143,S1525,16103
T2151,S1143,S1525,16103
T2152,S1524,S1554,36219
T2153,S1143,S1662,12672
T2154,S1035,S1143,1108
T2155,S1526,S1527,138811
T2156,S1527,S1528,67741
T2157,S1528,S1529,74183
T2158,S1055,S1531,897
T2159,S1531,S1532,791
T2160,S1532,S1533,791
T2161,S1055,S1532,685
T2162,S1055,S1533,1584
T2163,S1534,S1536,2481
T2164,S1534,S1536,2481
T2165,S1534,S1536,2217
T2166,S1534,S1671,6335
T2167,S1214,S1226,1478
T2168,S1226,S1535,1372
T2169,S1090,S1226,1214
T2170,S1090,S1226,686
T2171,S1192,S1538,31996
T2172,S1539,S1659,59082
T2173,S1540,S1541,15575
T2174,S1542,S1543,10401
T2175,S1542,S1543,10454
T2176,S1039,S1544,35745
T2177,S1039,S1545,35745
T2178,S1039,S1135,23654
T2179,S1039,S1135,23654
T2180,S1135,S1136,48259
T2181,S1135,S1136,48259
T2182,S1136,S1546,31257
T2183,S1136,S1546,31204
T2184,S1546,S1547,49843
T2185,S1546,S1547,49790
T2186,S1547,S1548,48469
T2187,S1547,S1548,48469
T2188,S1548,S1549,54911
T2189,S1548,S1549,54858
T2190,S1549,S1550,44351
T2191,S1549,S1550,44351
T2192,S1550,S1552,54013
T2193,S1550,S1552,54013
T2194,S1551,S1552,40655
T2195,S1551,S1552,40655
T2196,S1551,S1553,39969
T2197,S1551,S1553,39916
T2198,S1553,S1554,34108
T2199,S1553,S1554,34108
T2200,S1078,S1573,37910
T2201,S1078,S1573,37909
T2202,S1078,S1079,61934
T2203,S1078,S1079,61934
T2205,S1559,S1566,78143
T2206,S1126,S1665,19060
T2207,S1126,S1665,19060
T2208,S1560,S1665,46991
T2209,S1058,S1560,9504
T2210,S1058,S1560,9504
T2211,S1147,S1561,12566
T2212,S1561,S1562,30993
T2213,S1097,S1562,1689
T2214,S1562,S1563,1161
T2215,S1097,S1563,1372
T2216,S1563,S2930,9768
T2217,S1213,S1565,3537
T2218,S1566,S1567,8870
T2219,S1566,S1567,8817
T2220,S1564,S1567,2640
T2221,S1213,S1567,2904
T2222,S1097,S1565,7180
T2223,S1097,S1564,7391
T2224,S1213,S1564,2112
T2225,S1213,S1568,15311
T2226,S1568,S1647,38121
T2227,S1568,S1647,38121
T2228,S1213,S1568,14467
T2229,S1569,S1591,54119
T2230,S1569,S1591,54119
T2231,S1570,S1656,39757
T2232,S1570,S1656,39757
T2233,S1074,S1570,55016
T2234,S1074,S1570,55016
T2235,S1571,S1654,45301
T2236,S1571,S1654,45301
T2237,S1571,S1572,61458
T2238,S1571,S1572,61458
T2239,S1572,S1574,69959
T2240,S1572,S1574,69959
T2241,S1573,S1574,50370
T2242,S1573,S1574,50423
T2243,S1079,S1655,56231
T2244,S1079,S1655,56231
T2245,S1074,S1650,28722
T2246,S1074,S1650,28722
T2247,S1575,S1650,28617
T2248,S1576,S1650,40075
T2249,S1575,S1576,11035
T2250,S1576,S1577,24710
T2251,S1576,S1577,24710
T2252,S1577,S1578,2217
T2253,S1577,S1578,2217
T2254,S1577,S1579,1636
T2255,S1578,S1579,1636
T2256,S1578,S1583,57604
T2257,S1578,S1583,57604
T2258,S1579,S1582,4963
T2259,S1580,S1581,1953
T2260,S1580,S1582,1847
T2261,S1581,S1582,1847
T2262,S1581,S1649,5860
T2263,S1583,S1584,78355
T2264,S1583,S1584,78355
T2265,S1584,S1585,36643
T2266,S1584,S1585,36643
T2267,S1587,S1588,66369
T2268,S1587,S1588,66422
T2269,S1588,S1589,52536
T2270,S1588,S1589,52588
T2271,S1589,S1590,48575
T2272,S1589,S1590,48575
T2273,S1164,S1591,26399
T2274,S1591,S1592,49367
T2275,S1592,S1594,15048
T2276,S1592,S1594,15048
T2277,S1154,S1594,1003
T2278,S1156,S1594,1003
T2279,S1154,S1652,18480
T2280,S1156,S1652,18479
T2281,S1595,S1652,61986
T2282,S1595,S1652,61986
T2283,S1595,S1596,36378
T2284,S1595,S1596,36378
T2285,S1139,S1596,44404
T2286,S1139,S1596,44404
T2288,S1139,S1597,53274
T2289,S1139,S1597,53274
T2290,S1597,S1667,51215
T2291,S1597,S1667,51268
T2292,S1296,S1598,9715
T2293,S1598,S1599,53274
T2294,S1598,S1599,53274
T2295,S1599,S1600,39018
T2296,S1599,S1600,39018
T2297,S1600,S1601,35850
T2298,S1600,S1601,35850
T2299,S1601,S1646,22228
T2300,S1602,S1646,27984
T2301,S1203,S1602,25448
T2302,S1204,S1602,21964
T2303,S1602,S1603,28934
T2304,S1602,S1603,28934
T2305,S1603,S1604,12513
T2306,S1603,S1604,12513
T2307,S1603,S1604,12513
T2308,S1104,S1604,24393
T2309,S1104,S1604,24393
T2310,S1104,S1604,24393
T2311,S1190,S1205,1531
T2312,S1190,S1205,2534
T2313,S1190,S1309,6388
T2314,S1190,S1309,6388
T2315,S1292,S1787,33210
T2316,S1292,S1787,33210
T2317,S1292,S1607,35375
T2318,S1292,S1607,35798
T2319,S1606,S1610,41447
T2320,S1606,S1610,41500
T2321,S1606,S1607,10243
T2323,S1064,S1610,18849
T2324,S1064,S1610,19219
T2327,S1285,S1615,71649
T2328,S1616,S1617,45038
T2329,S1617,S1618,38860
T2330,S1618,S1619,43612
T2331,S1619,S1620,61986
T2332,S1620,S1621,80836
T2333,S1621,S1622,73444
T2334,S1116,S1623,41923
T2335,S1623,S1625,2006
T2336,S1061,S1625,580
T2338,S1061,S1627,528
T2340,S1628,S1629,3379
T2341,S1629,S1630,10929
T2342,S1099,S1629,3536
T2343,S1631,S1632,74341
T2344,S1632,S1633,19852
T2345,S1176,S1633,29937
T2346,S1176,S1634,2640
T2347,S1634,S1635,3695
T2348,S1634,S1635,3801
T2349,S1635,S1636,34900
T2350,S1636,S1637,39018
T2351,S1638,S1639,48100
T2352,S1639,S1640,52852
T2353,S1640,S1641,30201
T2354,S1641,S1642,72441
T2355,S1642,S1643,21331
T2356,S1643,S1644,2270
T2357,S1643,S1644,2270
T2358,S1251,S1644,28141
T2359,S1203,S1646,1584
T2360,S1203,S1646,1584
T2361,S1203,S1204,3062
T2362,S1647,S1657,53908
T2363,S1647,S1657,53908
T2364,S1631,S1648,10771
T2365,S1368,S1651,24551
T2366,S1057,S1653,105
T2367,S1053,S1057,8870
T2368,S1053,S1057,8500
T2369,S1654,S1657,43295
T2370,S1654,S1657,43295
T2371,S1655,S1656,2481
T2372,S1655,S1656,2481
T2373,S1656,S2931,7497
T2376,S1144,S1662,739
T2377,S1035,S1662,11352
T2378,S1035,S1662,8870
T2379,S1035,S1662,8923
T2380,S1035,S1662,8923
T2381,S1035,S1662,8923
T2382,S1663,S1664,28564
T2383,S1663,S1664,28564
T2384,S1207,S1664,4012
T2385,S1143,S1144,9081
T2386,S1143,S1144,9609
T2387,S1143,S1144,10032
T2388,S1143,S1144,10560
T2389,S1143,S1144,9187
T2390,S1143,S1144,9187
T2391,S1143,S1144,9609
T2392,S1143,S1144,9556
T2393,S1143,S1144,9715
T2394,S1143,S1144,8606
T2395,S1143,S1144,8606
T2396,S1667,S1668,14888
T2397,S1211,S1667,21700
T2398,S1211,S1668,6230
T2399,S1211,S1668,6758
T2400,S1211,S1273,12354
T2401,S1273,S1296,2640
T2402,S1092,S1785,24551
T2403,S1092,S1785,24550
T2404,S1092,S1785,26398
T2405,S1669,S1670,6230
T2406,S1089,S1670,3801
T2407,S1089,S1670,3801
T2408,S1089,S1670,3801
T2409,S1090,S1671,8764
T2410,S1090,S1671,8817
T2411,S1536,S1671,3537
T2412,S1051,S1671,1267
T2413,S1049,S1051,4435
T2414,S1094,S1672,105
T2415,S1179,S1673,3115
T2416,S1673,S1674,6864
T2417,S1674,S1675,4065
T2418,S1305,S1675,1161
T2419,S1179,S1673,4488
T2420,S1179,S1673,4488
T2422,S1677,S1679,7814
T2423,S1179,S1679,422
T2424,S1180,S1680,24287
T2425,S1179,S1180,10032
T2429,S1682,S1683,11404
T2430,S1681,S1682,8184
T2431,S1683,S1684,27666
T2432,S1684,S1685,25765
T2433,S1685,S1686,15945
T2434,S1686,S1687,15258
T2435,S1687,S1688,6388
T2437,S1277,S1689,19746
T2438,S1277,S1690,11615
T2439,S1690,S1691,39071
T2440,S1691,S1692,44140
T2441,S1692,S1693,31890
T2442,S1695,S1696,6547
T2443,S1696,S1697,22386
T2444,S1697,S1698,21964
T2445,S1698,S1699,27349
T2446,S1699,S1700,12829
T2447,S1700,S1702,54542
T2448,S1700,S1703,48258
T2449,S1059,S1066,18637
T2450,S1059,S1701,56548
T2451,S1701,S1702,61986
T2452,S1703,S1704,15312
T2453,S1119,S1704,41341
T2454,S1119,S1705,65207
T2456,S1706,S1707,38543
T2457,S1707,S1709,33580
T2459,S1165,S1709,50846
T2460,S1710,S1712,50159
T2461,S1711,S1713,528
T2462,S1711,S1712,36907
T2463,S1066,S1714,18690
T2464,S1118,S1714,21752
T2465,S1118,S1715,26980
T2466,S1715,S1716,18215
T2467,S1716,S1717,28300
T2468,S1717,S1718,32471
T2469,S1718,S1719,12672
T2470,S1719,S1721,29514
T2471,S1720,S1722,9556
T2472,S1720,S1721,7180
T2473,S1722,S1723,18004
T2474,S1723,S1724,31098
T2475,S1724,S1725,30465
T2476,S1725,S1726,17318
T2477,S1726,S1727,20380
T2478,S1727,S1728,14308
T2479,S1729,S1731,9767
T2480,S1212,S1731,18321
T2481,S1730,S1731,3009
T2482,S1212,S1734,2006
T2483,S1212,S1732,7339
T2484,S1730,S1732,7391
T2485,S1733,S1735,34267
T2486,S1733,S1734,4856
T2487,S1735,S1736,36907
T2488,S1736,S1748,12777
T2489,S1737,S1738,739
T2490,S1737,S1739,739
T2491,S1738,S1740,44668
T2492,S1741,S1744,36273
T2493,S1741,S1742,6811
T2494,S1741,S1743,6811
T2495,S1744,S1745,33210
T2496,S1745,S1746,35428
T2497,S1746,S1747,21119
T2498,S1157,S1747,30412
T2499,S1748,S1749,19007
T2500,S1749,S1750,21806
T2501,S1750,S1751,15839
T2502,S1751,S1752,45143
T2503,S1752,S1753,24445
T2504,S1753,S1754,24445
T2505,S1754,S1755,20486
T2506,S1755,S1756,19113
T2507,S1756,S1757,30781
T2508,S1142,S1757,23073
T2509,S1142,S1758,27719
T2510,S1758,S1759,28142
T2511,S1759,S1760,34477
T2512,S1760,S1761,26716
T2513,S1761,S1762,25554
T2514,S1762,S1763,28564
T2515,S1763,S1764,32048
T2516,S1764,S1765,18744
T2517,S1765,S1766,27402
T2518,S1766,S1767,43296
T2519,S1767,S1768,33316
T2520,S1225,S1768,11035
T2521,S1225,S1769,8395
T2522,S1769,S1770,9451
T2523,S1187,S1189,7920
T2524,S1187,S1189,7867
T2525,S1187,S1189,7920
T2526,S1189,S1771,1531
T2527,S1189,S1771,1900
T2528,S1772,S1774,30359
T2529,S1772,S1774,30412
T2530,S1772,S1773,20222
T2531,S1772,S1773,20275
T2532,S1187,S1773,7603
T2533,S1187,S1773,7603
T2534,S1220,S1774,25026
T2535,S1220,S1774,25026
T2536,S1775,S1776,41606
T2537,S1775,S1776,41605
T2538,S1220,S1775,26822
T2539,S1220,S1775,26822
T2540,S1220,S2932,528
T2541,S1776,S1783,56548
T2542,S1776,S1783,56548
T2543,S1777,S1778,13252
T2544,S1777,S1778,13252
T2545,S1777,S1781,56442
T2546,S1777,S1781,61775
T2547,S1779,S2933,5913
T2548,S1781,S1782,41183
T2549,S1781,S1782,41183
T2550,S1782,S1783,23020
T2551,S1782,S1783,23020
T2552,S1672,S1784,1584
T2553,S1785,S1786,41764
T2554,S1785,S1786,41816
T2555,S1786,S1787,32576
T2556,S1786,S1787,32576
T2557,S1853,S2639,528
T2558,S1803,S2546,72494
T2559,S2071,S2639,6177
T2560,S2550,S2551,2323
T2561,S2774,S2775,64574
T2562,S1997,S2553,4171
T2563,S2552,S2553,2587
T2564,S1798,S2129,36695
T2565,S1883,S2783,2851
T2566,S1922,S2613,73127
T2567,S1797,S1799,1056
T2568,S1804,S1855,17581
T2569,S2611,S2612,8712
T2570,S2612,S2613,12301
T2571,S2612,S2613,11510
T2572,S2284,S2771,16367
T2573,S2277,S2773,5913
T2574,S1798,S1806,1795
T2575,S2546,S2584,50740
T2576,S2772,S2794,14149
T2577,S1991,S2584,36114
T2578,S1991,S2585,48047
T2579,S1810,S1929,792
T2580,S2477,S2478,67794
T2581,S1801,S1810,1267
T2582,S1810,S2544,18585
T2583,S1813,S2745,844
T2584,S1813,S2745,739
T2585,S1816,S2792,1319
T2586,S1816,S2790,6493
T2587,S1816,S2790,6546
T2588,S1830,S1960,10031
T2589,S1829,S2020,16525
T2590,S1801,S1810,1689
T2593,S2178,S2787,3484
T2594,S1820,S2807,7497
T2596,S1930,S2529,5702
T2597,S2241,S2467,14889
T2598,S1825,S2807,15786
T2599,S1825,S2806,25555
T2600,S1977,S2463,27931
T2601,S1828,S2737,5016
T2602,S2178,S2786,3484
T2603,S2004,S2461,3854
T2604,S1818,S2543,68692
T2605,S2540,S2541,27930
T2606,S1835,S2544,422
T2607,S2077,S2754,58607
T2608,S2077,S2753,32155
T2609,S1832,S2805,29462
T2610,S1841,S2679,51479
T2611,S1837,S2275,23812
T2612,S2591,S2605,7180
T2613,S2592,S2605,54805
T2614,S2599,S2658,55386
T2615,S2599,S2600,39916
T2616,S1841,S1842,71807
T2617,S1842,S1990,81945
T2618,S1844,S2700,46675
T2620,S2721,S2722,53538
T2621,S1843,S2720,65312
T2622,S1838,S1854,1425
T2623,S2013,S2704,19958
T2624,S1862,S1916,1689
T2625,S1862,S1916,1742
T2626,S1856,S2263,3614
T2627,S2139,S2171,91660
T2628,S1857,S1862,33844
T2629,S1858,S1862,33844
T2630,S1864,S2131,17476
T2631,S1864,S2565,50265
T2632,S1867,S2063,22862
T2633,S1871,S2021,58713
T2634,S2415,S2656,50687
T2635,S1788,S2722,60403
T2636,S1875,S1928,264
T2637,S2408,S2656,2164
T2638,S2219,S2425,85324
T2639,S1811,S1939,7972
T2640,S1888,S2288,47519
T2641,S2696,S2697,53855
T2642,S2681,S2682,57498
T2643,S1985,S1986,31943
T2644,S1889,S2288,44932
T2645,S1953,S2393,686
T2646,S2392,S2393,51004
T2647,S1953,S2394,78829
T2648,S2625,S2626,4963
T2649,S2628,S2650,30201
T2650,S2330,S2655,9926
T2651,S2346,S2655,2428
T2652,S2016,S2894,77668
T2653,S2256,S2632,9451
T2654,S1898,S2328,10823
T2655,S2196,S2235,66949
T2656,S1906,S1907,85482
T2657,S1907,S1908,64363
T2658,S2196,S2235,66896
T2659,S1956,S2090,897
T2660,S1956,S2090,1003
T2661,S1911,S2084,3220
T2662,S2879,S2880,41976
T2663,S1921,S2851,44668
T2664,S1921,S2850,84162
T2665,S2533,S2641,53327
T2667,S1923,S1924,4224
T2668,S1924,S2895,44245
T2670,S1793,S2126,1953
T2671,S1793,S1926,6283
T2672,S1793,S1926,6283
T2674,S1920,S1987,43137
T2675,S1920,S1987,43189
T2676,S2315,S2317,9292
T2677,S1922,S2756,27349
T2678,S1932,S2559,21331
T2680,S1916,S1957,4329
T2681,S1916,S1935,1425
T2682,S1934,S1971,26346
T2683,S1934,S1971,27403
T2684,S1934,S1951,5913
T2685,S1934,S1951,5544
T2686,S1121,S1942,4752
T2687,S1121,S1941,7972
T2688,S1937,S1966,9239
T2689,S1937,S1940,5965
T2690,S2160,S2555,17687
T2691,S1853,S2226,4804
T2692,S1805,S1940,8183
T2693,S1805,S1940,8183
T2694,S1940,S1941,2587
T2695,S1940,S1941,4382
T2696,S1941,S1942,3168
T2697,S1941,S1942,2640
T2698,S1121,S1941,9239
T2699,S1121,S1941,10295
T2700,S1121,S1941,10031
T2701,S1941,S1946,1584
T2702,S1941,S1947,2481
T2703,S1121,S1944,6124
T2704,S1946,S1947,897
T2705,S1946,S1948,11720
T2706,S1948,S1949,2587
T2707,S1948,S1949,2587
T2708,S1945,S1989,42397
T2709,S1949,S1952,3590
T2710,S1949,S1950,2956
T2711,S1949,S1950,2956
T2712,S1950,S1951,5121
T2713,S1950,S1951,5068
T2714,S1950,S1952,1108
T2715,S1915,S1957,3801
T2716,S1956,S2032,6177
T2717,S1915,S1957,3801
T2718,S1935,S2032,2323
T2719,S1915,S1956,2481
T2720,S1805,S1958,4593
T2724,S1901,S2476,3220
T2725,S1961,S2640,33263
T2726,S1961,S1962,2481
T2727,S1951,S1963,3484
T2728,S1951,S1963,3801
T2729,S1963,S1966,1584
T2730,S1972,S1973,6811
T2732,S1977,S1985,10982
T2733,S1848,S1914,14678
T2734,S1866,S1980,739
T2735,S1981,S2733,19747
T2736,S1998,S2262,41448
T2738,S1998,S2262,43507
T2739,S1983,S2403,10453
T2740,S1983,S2403,9767
T2741,S1983,S2090,29303
T2742,S1983,S2090,29303
T2743,S1977,S1985,10982
T2744,S1985,S1986,31996
T2745,S1994,S2199,18743
T2746,S1994,S2081,1372
T2748,S1930,S2530,8500
T2749,S1994,S2321,1584
T2750,S1998,S1999,31468
T2751,S1998,S1999,31468
T2752,S2119,S2121,9239
T2753,S2119,S2121,9239
T2754,S1939,S2119,3484
T2756,S1872,S2213,633
T2757,S1801,S2003,13199
T2758,S2006,S2460,739
T2759,S1999,S2005,8923
T2760,S1999,S2005,8923
T2761,S1999,S2005,8923
T2762,S2004,S2006,1478
T2763,S2268,S2269,13886
T2765,S1879,S2007,3907
T2766,S1879,S2935,3695
T2769,S1846,S2097,32102
T2770,S1846,S2010,19324
T2771,S1976,S2008,2059
T2772,S2012,S2163,1584
T2773,S2011,S2163,1584
T2774,S2097,S2098,7180
T2775,S1882,S2698,25344
T2776,S2889,S2890,76559
T2777,S1819,S2786,1003
T2778,S1819,S2787,950
T2779,S1829,S2026,2376
T2780,S1829,S2028,12037
T2781,S2516,S2517,39916
T2782,S2171,S2651,27455
T2783,S2006,S2021,4171
T2784,S2268,S2269,13886
T2787,S1912,S2196,8817
T2788,S1912,S2196,8606
T2789,S2027,S2540,14941
T2790,S2026,S2028,8764
T2791,S2020,S2028,3220
T2792,S2020,S2028,2904
T2793,S2029,S2509,49103
T2794,S1999,S2024,8923
T2795,S2034,S2035,1584
T2796,S2035,S2541,11299
T2797,S2037,S2504,34160
T2798,S2037,S2505,21383
T2799,S2038,S2047,29356
T2800,S2115,S2116,18849
T2801,S2151,S2216,53327
T2802,S1982,S2040,4435
T2803,S2040,S2147,12988
T2804,S2080,S2235,48152
T2805,S2045,S2046,8500
T2807,S1794,S2051,14730
T2808,S2053,S2198,16579
T2809,S2053,S2198,16631
T2810,S2053,S2054,15998
T2811,S2054,S2055,18109
T2812,S2054,S2055,18163
T2813,S2056,S2662,6019
T2815,S2060,S2192,8236
T2816,S2062,S2106,3009
T2817,S2066,S2491,42186
T2818,S2157,S2414,77351
T2819,S2005,S2074,10982
T2820,S2005,S2074,11035
T2821,S2005,S2074,11035
T2822,S2005,S2074,10982
T2823,S2005,S2074,10982
T2824,S2071,S2226,1267
T2825,S1796,S2071,3115
T2826,S1866,S1980,1425
T2827,S2349,S2632,42503
T2828,S2005,S2074,10982
T2829,S2005,S2074,11035
T2830,S1663,S2913,55756
T2831,S2072,S2073,11880
T2832,S1849,S2092,30465
T2834,S2078,S2091,25502
T2835,S2079,S2091,25502
T2836,S2078,S2080,19113
T2837,S2079,S2080,19113
T2838,S2080,S2235,48152
T2839,S2413,S2417,71332
T2840,S2416,S2418,62092
T2841,S2418,S2419,86802
T2842,S2082,S2083,20592
T2843,S2082,S2083,20592
T2844,S2084,S2936,14625
T2846,S2419,S2420,100794
T2847,S1849,S1850,90604
T2848,S2074,S2085,10032
T2849,S2074,S2085,9979
T2850,S2074,S2085,10032
T2851,S2085,S2086,10032
T2852,S2085,S2087,16104
T2853,S2085,S2087,16104
T2854,S2087,S2088,50528
T2855,S2087,S2088,50528
T2856,S2049,S2870,2164
T2857,S2049,S2869,2376
T2858,S2091,S2104,54647
T2859,S2092,S2919,5596
T2860,S2141,S2629,35533
T2861,S2141,S2629,35533
T2862,S2073,S2773,6124
T2863,S2096,S2489,26188
T2864,S2097,S2098,7180
T2865,S2014,S2098,1584
T2866,S2014,S2919,47836
T2867,S2103,S2191,24076
T2868,S2103,S2191,24076
T2869,S2191,S2192,32260
T2870,S2104,S2139,61300
T2871,S2064,S2105,7286
T2872,S2106,S2107,41447
T2873,S2107,S2108,39494
T2874,S2108,S2109,13463
T2875,S2109,S2110,8289
T2876,S2111,S2937,7655
T2877,S2113,S2649,13728
T2878,S2113,S2114,1056
T2879,S2038,S2115,20327
T2880,S1795,S2116,28194
T2881,S1821,S2117,10982
T2882,S1821,S2117,10982
T2883,S2118,S2594,32788
T2884,S1938,S1939,369
T2885,S2119,S2120,3484
T2886,S2120,S2785,9820
T2887,S2120,S2121,5174
T2888,S2121,S2179,950
T2889,S2121,S2179,1003
T2890,S2123,S2661,6441
T2891,S1995,S2127,792
T2892,S2126,S2127,792
T2893,S2127,S2250,528
T2894,S2128,S2565,52747
T2895,S1903,S1914,6441
T2896,S1863,S2129,35904
T2897,S1863,S2130,25501
T2898,S2130,S2131,5966
T2899,S2130,S2131,5913
T2900,S2132,S2134,1847
T2901,S2133,S2134,1056
T2902,S2132,S2133,1531
T2903,S2135,S2137,20064
T2904,S2135,S2137,20064
T2905,S2135,S2136,20591
T2906,S2135,S2136,20644
T2909,S2138,S2179,19218
T2910,S2138,S2179,1267
T2911,S1821,S2140,580
T2912,S1821,S2643,12724
T2913,S1821,S2644,9398
T2914,S1821,S2644,9398
T2915,S2141,S2630,17370
T2916,S2142,S2143,19641
T2917,S2142,S2143,19588
T2918,S2143,S2144,2323
T2919,S2144,S2145,9979
T2920,S2144,S2145,10032
T2921,S2143,S2145,12936
T2922,S2146,S2515,6652
T2923,S2147,S2153,4857
T2924,S2147,S2148,1478
T2925,S2147,S2148,1478
T2926,S2428,S2608,64996
T2927,S2151,S2152,9609
T2928,S2151,S2152,9609
T2929,S2153,S2154,3273
T2930,S2040,S2153,7550
T2932,S2423,S2425,66528
T2933,S1878,S2155,17159
T2934,S1878,S2155,17159
T2935,S2157,S2412,16526
T2936,S2158,S2422,42504
T2937,S2158,S2421,7497
T2938,S2158,S2159,6600
T2939,S2162,S2803,10771
T2940,S2166,S2167,45249
T2941,S2166,S2167,45249
T2942,S2168,S2468,25502
T2943,S2168,S2169,6864
T2944,S2173,S2573,20432
T2945,S2636,S2637,844
T2946,S2052,S2298,17371
T2947,S1827,S2178,316
T2948,S2178,S2179,897
T2949,S2178,S2179,1372
T2950,S2178,S2179,686
T2951,S1827,S2179,580
T2952,S2180,S2207,41394
T2953,S2180,S2651,6652
T2954,S2408,S2409,15258
T2955,S2072,S2185,30887
T2956,S2183,S2184,2745
T2957,S2183,S2185,15575
T2958,S1804,S2185,26452
T2959,S1804,S2185,26452
T2960,S2188,S2493,34583
T2961,S1805,S2189,369
T2962,S2000,S2152,27772
T2963,S1822,S2190,12512
T2964,S2190,S2195,24234
T2965,S2190,S2197,14413
T2966,S2191,S2192,32260
T2967,S2195,S2620,1531
T2968,S2197,S2526,4699
T2969,S2199,S2415,6019
T2970,S1904,S2339,15892
T2971,S1908,S2242,63463
T2972,S2045,S2204,23390
T2973,S2205,S2523,17952
T2974,S2206,S2595,33421
T2975,S2142,S2206,32260
T2976,S1909,S2207,34900
T2977,S2215,S2512,41711
T2978,S2215,S2511,17688
T2979,S1982,S2040,4435
T2980,S1982,S2216,15364
T2981,S1982,S2216,15364
T2982,S2217,S2556,15734
T2983,S2217,S2218,7603
T2984,S2218,S2557,39705
T2985,S1959,S2624,17846
T2986,S1802,S1959,3
T2987,S1802,S1959,21278
T2988,S1959,S2236,24816
T2989,S1959,S2236,24816
T2990,S1959,S2624,17528
T2991,S2229,S2230,35112
T2992,S2229,S2230,35164
T2993,S2229,S2666,44827
T2994,S2231,S2242,69484
T2995,S1835,S2938,63359
T2996,S1909,S2231,1372
T2997,S1831,S2239,27455
T2998,S2237,S2238,1056
T2999,S2075,S2237,1847
T3000,S2075,S2238,897
T3001,S2234,S2239,1636
T3002,S1800,S2292,52112
T3003,S1960,S2797,7126
T3004,S2057,S2248,7603
T3005,S1908,S2331,106285
T3006,S2252,S2585,58713
T3007,S2252,S2586,75292
T3008,S2253,S2301,18955
T3009,S2253,S2254,50107
T3011,S2257,S2653,11721
T3012,S2257,S2258,1320
T3013,S2259,S2260,1267
T3014,S2261,S2537,16578
T3015,S2050,S2262,18691
T3016,S2575,S2576,22070
T3017,S1848,S1914,14677
T3018,S1903,S2939,528
T3019,S1903,S2940,4963
T3020,S1971,S2251,39493
T3021,S1971,S2251,37117
T3022,S2275,S2276,3168
T3023,S2276,S2802,1953
T3024,S2277,S2284,6177
T3025,S2232,S2278,14572
T3026,S2278,S2279,8289
T3027,S2280,S2285,528
T3028,S2282,S2452,26030
T3029,S1826,S2282,5438
T3030,S1826,S2282,5438
T3031,S1826,S1987,10295
T3032,S2284,S2773,5491
T3033,S2285,S2577,6177
T3034,S1817,S2286,51638
T3035,S2286,S2287,1584
T3037,S2068,S2554,23548
T3038,S2069,S2652,31256
T3039,S2292,S2941,1689
T3040,S2293,S2426,13252
T3041,S1922,S2300,9398
T3043,S2297,S2298,1689
T3044,S2297,S2298,1056
T3045,S1922,S2300,4012
T3046,S2271,S2300,3695
T3047,S1834,S2302,633
T3048,S2303,S2802,24129
T3049,S2303,S2801,19218
T3050,S2306,S2659,37909
T3051,S2310,S2522,12196
T3052,S1979,S2942,2006
T3053,S1992,S2128,15100
T3054,S2313,S2610,15575
T3055,S2313,S2611,41236
T3056,S2111,S2314,1742
T3057,S2112,S2314,1742
T3058,S1796,S2314,10665
T3059,S2316,S2649,73021
T3060,S2047,S2316,62567
T3061,S1855,S2311,12038
T3062,S1855,S2311,12038
T3063,S2081,S2321,1689
T3064,S2322,S2849,33475
T3065,S2322,S2848,38543
T3066,S2165,S2323,40074
T3067,S2165,S2659,37804
T3068,S2323,S2431,56390
T3069,S2212,S2431,2692
T3070,S2324,S2325,1847
T3071,S2212,S2325,2587
T3072,S2209,S2326,48733
T3073,S2324,S2326,52799
T3074,S1898,S2329,61141
T3075,S2209,S2327,1372
T3076,S2327,S2328,1056
T3077,S2209,S2328,1267
T3078,S2329,S2430,76084
T3079,S2331,S2332,29145
T3080,S2033,S2332,86222
T3081,S1910,S2033,52060
T3082,S2333,S2335,74342
T3083,S1910,S2333,19904
T3084,S1910,S2334,2640
T3085,S1971,S2335,40919
T3086,S2233,S2411,1108
T3087,S1904,S2233,6283
T3088,S1904,S2336,8236
T3089,S1904,S2336,8289
T3090,S1805,S2336,11563
T3091,S1805,S2336,11616
T3092,S2337,S2341,72335
T3093,S2337,S2341,72335
T3094,S2337,S2338,68745
T3095,S2337,S2338,68797
T3096,S2338,S2339,58449
T3097,S2338,S2339,58502
T3098,S2025,S2340,4963
T3099,S2340,S2341,8923
T3100,S2025,S2341,2851
T3101,S1902,S2342,26980
T3102,S1902,S2342,27032
T3103,S2342,S2343,19377
T3104,S2342,S2343,19377
T3105,S2340,S2343,12355
T3106,S2340,S2343,12302
T3107,S2221,S2345,23918
T3108,S1902,S2221,8764
T3109,S2344,S2348,25607
T3110,S2344,S2348,25607
T3111,S1900,S2344,18004
T3112,S1900,S2220,5860
T3113,S1900,S2345,13147
T3114,S2220,S2345,6811
T3115,S1899,S2351,23020
T3116,S1899,S2346,29462
T3117,S1899,S2346,29462
T3118,S2346,S2348,17054
T3119,S2346,S2347,4435
T3120,S2347,S2348,12143
T3121,S2305,S2349,37381
T3122,S2349,S2350,39072
T3123,S2349,S2350,39072
T3124,S2350,S2351,68006
T3125,S2350,S2351,68006
T3126,S2352,S2354,48259
T3127,S1896,S2352,1795
T3128,S1896,S2626,10876
T3129,S2353,S2370,28088
T3130,S2353,S2354,23337
T3131,S2355,S2357,34425
T3132,S2355,S2356,5227
T3133,S2356,S2943,40708
T3134,S2357,S2358,74922
T3135,S2358,S2359,41500
T3136,S2009,S2359,25712
T3137,S2009,S2360,528
T3138,S2009,S2361,14149
T3139,S2361,S2362,72018
T3141,S2363,S2364,79094
T3142,S2364,S2365,43770
T3143,S2365,S2366,31838
T3144,S2366,S2368,86169
T3145,S2367,S2370,2640
T3146,S2367,S2368,102854
T3147,S1895,S2371,11457
T3148,S1895,S2371,11457
T3149,S1895,S2369,8078
T3150,S1895,S2369,8078
T3151,S2367,S2369,4276
T3152,S2369,S2370,633
T3153,S1894,S2372,34900
T3154,S1894,S2371,15206
T3155,S1894,S2371,15206
T3156,S2372,S2373,47889
T3157,S1897,S2373,30623
T3158,S1897,S2374,11404
T3159,S2374,S2375,46938
T3160,S2375,S2376,47994
T3161,S1893,S2377,51004
T3162,S1893,S2376,25132
T3163,S1893,S2376,25132
T3164,S2377,S2378,53010
T3165,S2378,S2381,32894
T3166,S1891,S1892,6177
T3167,S1891,S1892,6124
T3168,S1892,S2379,4857
T3169,S1892,S2379,4857
T3170,S1892,S2379,4857
T3171,S2379,S2380,9926
T3172,S2379,S2380,9873
T3173,S2380,S2381,6705
T3174,S2380,S2381,6705
T3175,S1890,S2384,14677
T3176,S1890,S2382,25766
T3177,S1890,S2382,25766
T3178,S2382,S2383,24129
T3179,S2382,S2383,24129
T3180,S1891,S2383,3326
T3181,S1887,S2384,39335
T3182,S1887,S2385,1847
T3183,S1887,S2385,897
T3184,S1888,S2385,60930
T3185,S2386,S2387,41500
T3186,S2386,S2387,41500
T3187,S1887,S2386,44880
T3188,S1887,S2386,44880
T3189,S2387,S2388,66368
T3190,S2387,S2388,66316
T3191,S2388,S2389,59610
T3192,S2388,S2389,59663
T3193,S2389,S2622,44034
T3194,S2389,S2622,44034
T3195,S1877,S2390,792
T3196,S1877,S2391,792
T3197,S1877,S2391,1900
T3198,S1877,S2621,5808
T3199,S1877,S2622,11932
T3200,S1880,S2392,2059
T3201,S1889,S2392,1372
T3202,S2393,S2944,1584
T3203,S2394,S2395,54911
T3204,S2395,S2634,14361
T3205,S2396,S2397,22809
T3206,S2397,S2400,28880
T3207,S2397,S2398,2323
T3208,S1886,S2397,2323
T3209,S2398,S2399,2587
T3210,S1886,S2399,2587
T3211,S2399,S2401,6546
T3212,S2399,S2401,6546
T3213,S2400,S2635,16632
T3214,S1885,S2401,686
T3215,S1885,S2402,528
T3216,S1884,S2402,896
T3217,S1913,S2403,40919
T3218,S1913,S2403,40919
T3219,S1873,S2213,844
T3220,S1875,S2214,5860
T3221,S1873,S1874,3960
T3222,S1873,S1875,4593
T3223,S1874,S1875,105
T3224,S1875,S2390,7128
T3225,S1875,S2391,7128
T3226,S1875,S2391,7128
T3227,S1874,S1875,580
T3228,S1874,S2616,49684
T3229,S1872,S2406,29250
T3230,S1872,S2214,633
T3231,S2019,S2404,4804
T3232,S2404,S2405,7603
T3233,S2404,S2405,7603
T3234,S2405,S2407,11985
T3235,S2406,S2439,36801
T3236,S2406,S2439,36801
T3237,S2406,S2407,22492
T3238,S1872,S2407,6336
T3239,S2019,S2410,19693
T3240,S2409,S2410,47467
T3241,S2339,S2411,7761
T3242,S2321,S2700,9292
T3243,S2081,S2700,11404
T3244,S1847,S2081,3748
T3245,S1847,S2081,3748
T3246,S1847,S2412,4593
T3247,S2157,S2412,4435
T3248,S2413,S2414,113044
T3249,S2416,S2417,10718
T3250,S2416,S2417,10716
T3251,S2420,S2421,87752
T3252,S2423,S2424,13516
T3253,S2423,S2424,13516
T3254,S2219,S2426,61986
T3255,S2293,S2427,41341
T3256,S2427,S2428,72810
T3257,S1878,S2429,1900
T3258,S1878,S2156,1531
T3259,S1878,S2225,6388
T3260,S2156,S2429,1478
T3261,S2156,S2225,3379
T3262,S2225,S2609,6124
T3263,S2330,S2430,12672
T3264,S2194,S2279,62145
T3265,S2194,S2846,33527
T3266,S1936,S2435,37592
T3267,S2435,S2633,58501
T3268,S2436,S2437,99369
T3269,S2437,S2687,5174
T3270,S1870,S2438,25291
T3271,S1943,S2439,48787
T3272,S2438,S2439,27139
T3273,S2440,S2441,18004
T3274,S1870,S2440,5966
T3275,S1870,S1943,9451
T3276,S2441,S2442,26135
T3277,S2442,S2443,33897
T3278,S2443,S2444,32999
T3279,S2444,S2445,21436
T3280,S2445,S2446,25554
T3281,S2446,S2447,49525
T3282,S1869,S2448,37751
T3283,S1865,S1869,13727
T3284,S1865,S1869,13727
T3285,S1865,S2447,20803
T3286,S1865,S2447,20750
T3287,S2001,S2448,21911
T3288,S2001,S2449,24710
T3289,S2222,S2449,30306
T3290,S2222,S2450,18374
T3291,S2059,S2450,27878
T3292,S2059,S2451,31574
T3294,S1920,S2451,6916
T3295,S2452,S2453,29303
T3296,S2453,S2454,23179
T3297,S2454,S2455,48681
T3298,S2455,S2456,26135
T3299,S2456,S2457,24815
T3300,S2457,S2458,26557
T3301,S2458,S2459,35059
T3302,S2459,S2461,31521
T3303,S1986,S2461,8131
T3304,S1986,S2460,2006
T3305,S2004,S2460,1425
T3306,S2247,S2462,4857
T3307,S2462,S2799,14995
T3308,S2247,S2799,9820
T3309,S2463,S2466,31732
T3310,S2463,S2466,31732
T3311,S1824,S2241,1531
T3312,S1824,S2465,528
T3313,S1824,S2465,158
T3314,S1809,S2469,48311
T3315,S1809,S2464,528
T3316,S1809,S2465,5649
T3317,S2465,S2466,8342
T3318,S2101,S2465,2481
T3319,S2101,S2466,5860
T3320,S2169,S2467,10401
T3321,S1788,S2468,39071
T3322,S1788,S1817,32418
T3323,S1823,S2287,3590
T3324,S2469,S2470,54330
T3325,S2470,S2471,59505
T3326,S2471,S2472,55914
T3327,S2472,S2473,40127
T3328,S2473,S2474,52694
T3329,S2227,S2474,57551
T3330,S1792,S2226,11457
T3331,S1792,S2226,11457
T3332,S2226,S2475,9556
T3333,S2226,S2475,9556
T3334,S1792,S2475,1056
T3335,S2227,S2228,5755
T3336,S2476,S2477,19852
T3337,S2476,S2477,19905
T3338,S2478,S2479,143721
T3339,S2479,S2480,64203
T3341,S2481,S2482,7128
T3342,S2482,S2483,24287
T3343,S2483,S2484,86803
T3344,S2484,S2485,15417
T3345,S1927,S2485,844
T3346,S1927,S2486,1372
T3347,S2486,S2487,76981
T3348,S2487,S2488,32366
T3349,S2488,S2489,52008
T3350,S2096,S2490,38754
T3351,S2490,S2491,30148
T3352,S1812,S2492,4224
T3353,S1812,S2259,1320
T3354,S1812,S2066,6019
T3355,S1812,S2260,105
T3356,S1812,S2260,528
T3357,S1812,S2260,422
T3358,S2070,S2260,19007
T3359,S2070,S2188,52852
T3360,S2493,S2494,48628
T3361,S2494,S2495,48839
T3362,S2495,S2496,65735
T3363,S1814,S2496,61195
T3364,S1814,S2155,9504
T3365,S2497,S2498,11140
T3366,S2497,S2498,11140
T3367,S1815,S2498,7656
T3368,S1815,S2498,7656
T3370,S2046,S2499,54542
T3371,S2204,S2500,3326
T3372,S2500,S2501,9504
T3373,S2501,S2502,33950
T3374,S1965,S2502,16262
T3375,S1965,S2064,19799
T3376,S2103,S2105,21277
T3377,S1792,S2237,15628
T3378,S1792,S2237,15628
T3379,S1993,S2642,46146
T3380,S1993,S2614,15048
T3381,S2503,S2504,61036
T3382,S2505,S2506,19694
T3383,S2506,S2507,44140
T3384,S2507,S2508,50740
T3385,S2029,S2508,5227
T3386,S2509,S2510,16367
T3387,S2510,S2511,35375
T3388,S2512,S2513,47888
T3389,S2513,S2514,54225
T3390,S2514,S2515,57656
T3391,S2146,S2516,38120
T3392,S2517,S2518,13200
T3393,S2093,S2518,53538
T3394,S2093,S2519,40549
T3395,S2519,S2615,844
T3396,S1821,S2520,21911
T3397,S1821,S2520,21911
T3398,S2520,S2521,30148
T3399,S2520,S2521,30201
T3400,S2521,S2522,36590
T3401,S2521,S2522,36590
T3402,S2205,S2522,41817
T3403,S2205,S2310,29092
T3404,S2205,S2523,17951
T3405,S2205,S2523,17951
T3406,S1968,S2523,6916
T3407,S1968,S2523,6969
T3408,S1822,S2195,10876
T3409,S2190,S2524,3273
T3410,S2190,S2524,3326
T3411,S2524,S2525,6124
T3412,S2524,S2525,6124
T3413,S2197,S2525,4171
T3414,S2525,S2526,9609
T3415,S2526,S2527,19060
T3416,S2527,S2528,53433
T3418,S2528,S2529,19905
T3419,S2530,S2531,29779
T3420,S2531,S2532,37012
T3421,S1833,S2532,24815
T3423,S2533,S2633,49578
T3424,S2534,S2535,66421
T3425,S2534,S2643,17264
T3426,S2535,S2623,20222
T3427,S2261,S2536,59505
T3428,S2536,S2623,54066
T3429,S2537,S2538,71332
T3430,S2538,S2539,39124
T3431,S2027,S2539,20380
T3432,S2034,S2542,71807
T3433,S2542,S2543,100742
T3434,S1801,S1929,1161
T3435,S1801,S1818,7867
T3436,S1801,S1818,7867
T3437,S1789,S1929,28617
T3438,S1801,S1929,633
T3440,S2271,S2300,9081
T3441,S1803,S2545,90868
T3442,S2267,S2545,11563
T3443,S2267,S2610,52694
T3444,S2075,S2547,5121
T3445,S1791,S2547,12091
T3446,S2547,S2548,36642
T3447,S2548,S2549,50371
T3448,S2549,S2550,7708
T3449,S1791,S2551,120013
T3450,S2551,S2552,4329
T3451,S2069,S2552,46252
T3452,S2550,S2553,9662
T3453,S1997,S2068,31309
T3454,S2554,S2652,1478
T3455,S2160,S2258,21225
T3456,S2160,S2653,36590
T3457,S2160,S2161,14519
T3458,S2555,S2556,26030
T3459,S2161,S2555,2217
T3460,S2557,S2558,64468
T3461,S1932,S2558,22175
T3462,S2559,S2560,46674
T3463,S1838,S2560,3432
T3464,S1854,S2561,13622
T3465,S1979,S2561,8764
T3466,S1979,S2561,8553
T3467,S1979,S2945,1108
T3468,S1790,S1979,27930
T3469,S1790,S2562,67688
T3470,S2562,S2563,57076
T3471,S1789,S2563,48470
T3472,S1903,S1914,6441
T3473,S1848,S2564,1056
T3474,S1806,S1848,10771
T3475,S2566,S2637,25765
T3476,S2566,S2567,34055
T3477,S1868,S2567,38860
T3478,S1868,S2568,3960
T3479,S2568,S2569,70804
T3480,S2569,S2570,46411
T3481,S2570,S2571,26928
T3482,S2571,S2572,2376
T3483,S2572,S2573,38385
T3484,S2172,S2173,2270
T3485,S2172,S2574,12249
T3486,S2574,S2575,5544
T3487,S2574,S2575,5544
T3488,S2280,S2576,48205
T3489,S2280,S2285,10718
T3490,S2285,S2577,528
T3491,S2577,S2654,13780
T3492,S2578,S2654,26294
T3493,S2065,S2578,10560
T3494,S2138,S2580,18795
T3495,S2138,S2580,23653
T3496,S2580,S2581,29672
T3497,S2580,S2581,29672
T3498,S2581,S2582,5807
T3499,S2309,S2581,3272
T3500,S2309,S2582,2270
T3501,S2582,S2584,12355
T3502,S2582,S2583,11140
T3503,S2583,S2584,844
T3504,S2586,S2587,90710
T3505,S2587,S2588,129201
T3506,S2588,S2589,125610
T3507,S2589,S2590,54542
T3508,S2228,S2590,7867
T3509,S1821,S2591,3907
T3510,S2031,S2592,25502
T3511,S2031,S2593,67636
T3512,S2593,S2594,62937
T3513,S2118,S2595,40180
T3514,S2145,S2596,24128
T3515,S2596,S2597,30359
T3516,S1839,S2597,26505
T3517,S1839,S2598,47836
T3518,S2598,S2658,70592
T3519,S2600,S2601,54383
T3520,S2601,S2602,34478
T3521,S2602,S2603,34953
T3522,S2604,S2606,5121
T3523,S2604,S2605,8342
T3524,S2606,S2607,7972
T3525,S2117,S2607,2376
T3526,S1826,S1987,9134
T3527,S2608,S2609,10190
T3528,S2611,S2612,8712
T3529,S2503,S2614,11774
T3530,S1829,S2615,3854
T3531,S2060,S2193,1847
T3532,S2060,S2061,8184
T3533,S2060,S2061,8184
T3534,S1812,S2061,2481
T3535,S2192,S2193,5966
T3536,S1968,S2617,1847
T3537,S1967,S1969,369
T3538,S1968,S1969,316
T3539,S1970,S2299,2640
T3540,S1969,S2617,316
T3541,S2299,S2617,950
T3542,S2299,S2617,950
T3543,S2299,S2618,5596
T3544,S2299,S2618,5596
T3545,S2618,S2619,8764
T3546,S2618,S2619,7920
T3547,S2619,S2620,2006
T3548,S1911,S2619,2692
T3549,S1911,S2620,2217
T3550,S2621,S2622,5702
T3551,S1821,S2020,7075
T3552,S1821,S2020,7075
T3553,S1821,S2020,7075
T3554,S1821,S2020,8025
T3556,S2028,S2175,1478
T3557,S1802,S2624,1108
T3558,S1802,S2497,11616
T3559,S1802,S2497,11721
T3560,S2625,S2680,39652
T3561,S2625,S2627,14255
T3562,S2626,S2627,8447
T3563,S1896,S2625,4910
T3564,S2627,S2650,15892
T3565,S2627,S2650,15892
T3566,S2628,S2629,14784
T3567,S2630,S2631,14202
T3568,S2030,S2631,21488
T3569,S2030,S2256,17265
T3570,S2256,S2632,9240
T3571,S2256,S2632,9240
T3572,S2305,S2632,4593
T3573,S2634,S2635,8606
T3574,S1992,S2636,9240
T3575,S2254,S2636,4752
T3576,S2099,S2100,2059
T3577,S2100,S2638,11668
T3578,S2100,S2638,11668
T3579,S2099,S2519,2006
T3580,S2020,S2638,4065
T3581,S1962,S2639,15628
T3582,S1796,S2226,739
T3583,S2640,S2648,83001
T3584,S2055,S2056,16842
T3585,S2053,S2054,15945
T3586,S2641,S2642,40180
T3587,S2643,S2644,1214
T3588,S2643,S2644,1214
T3589,S2317,S2645,2270
T3590,S2645,S2646,5438
T3591,S2645,S2646,5438
T3593,S2114,S2647,48469
T3594,S1795,S2648,99527
T3595,S1936,S2176,30254
T3597,S2652,S2653,10612
T3598,S2652,S2653,7972
T3599,S2347,S2655,3168
T3600,S2656,S2657,1056
T3601,S2408,S2657,1689
T3602,S2176,S2660,31679
T3603,S2123,S2660,63993
T3604,S2198,S2661,39810
T3605,S2662,S2663,57973
T3606,S2057,S2663,68322
T3607,S2248,S2846,67795
T3608,S2664,S2762,11404
T3609,S2664,S2761,74236
T3610,S1937,S2665,11773
T3611,S1937,S2665,11615
T3612,S1934,S2665,13411
T3613,S1934,S2665,13305
T3614,S2251,S2666,40074
T3615,S2229,S2666,44827
T3616,S2230,S2667,50212
T3617,S2137,S2667,45671
T3618,S2136,S2677,31152
T3619,S2163,S2678,21542
T3620,S2011,S2166,55386
T3621,S2167,S2668,31151
T3622,S2668,S2669,64415
T3623,S2164,S2669,63835
T3624,S2164,S2670,7444
T3625,S2164,S2671,9926
T3626,S2670,S2671,2217
T3627,S2671,S2672,66210
T3628,S2291,S2672,21489
T3629,S2291,S2673,38385
T3630,S2673,S2674,41236
T3631,S2674,S2675,48258
T3632,S2000,S2675,39441
T3633,S2000,S2676,528
T3634,S2000,S2152,27772
T3635,S1859,S2677,47044
T3636,S1859,S2678,2
T3637,S1859,S2678,2
T3638,S1859,S2678,2
T3639,S2680,S2681,30518
T3640,S2682,S2683,34900
T3641,S2683,S2684,50212
T3643,S2685,S2686,43348
T3644,S2686,S2687,20010
T3645,S2688,S2689,51215
T3646,S2689,S2690,56073
T3647,S1881,S2690,55280
T3648,S1880,S1881,49790
T3649,S1880,S2691,58026
T3650,S2691,S2693,51585
T3651,S2692,S2694,62303
T3652,S2692,S2693,7656
T3653,S2694,S2695,33633
T3654,S2695,S2696,46886
T3655,S2697,S2698,49367
T3656,S1882,S2699,7392
T3657,S1844,S2701,33263
T3658,S2701,S2702,38544
T3659,S2013,S2702,46358
T3660,S2704,S2705,37540
T3661,S2705,S2706,20591
T3662,S2706,S2707,43982
T3663,S2707,S2708,54224
T3664,S2708,S2709,32947
T3665,S2709,S2710,42345
T3666,S2710,S2711,36536
T3667,S2711,S2712,35533
T3668,S2713,S2714,60403
T3669,S2712,S2713,7233
T3670,S2283,S2308,528
T3671,S2715,S2716,58977
T3672,S2283,S2715,19641
T3673,S2716,S2717,71649
T3674,S1843,S2717,59663
T3675,S1851,S2718,48575
T3676,S2718,S2719,2164
T3677,S2719,S2720,7075
T3678,S2719,S2720,7022
T3679,S1851,S2721,48100
T3680,S2723,S2724,44510
T3681,S1788,S2723,528
T3682,S2724,S2946,38068
T3683,S2132,S2725,30834
T3684,S2725,S2726,8025
T3685,S2043,S2727,21542
T3686,S2134,S2727,15997
T3687,S2728,S2730,25079
T3688,S2043,S2728,739
T3690,S2729,S2730,8976
T3691,S2729,S2730,8976
T3692,S2731,S2732,32048
T3693,S2732,S2733,48628
T3695,S2044,S2734,1584
T3696,S1981,S2174,1847
T3697,S2044,S2294,475
T3698,S2294,S2735,1372
T3699,S2048,S2736,2956
T3700,S2048,S2736,1953
T3701,S2044,S2048,3062
T3702,S2044,S2048,2534
T3703,S1797,S2738,29673
T3704,S1799,S2270,21119
T3705,S2270,S2736,7603
T3706,S2270,S2736,7656
T3707,S2270,S2737,7075
T3708,S2738,S2739,58502
T3709,S2739,S2740,46991
T3710,S1989,S2740,39863
T3711,S1945,S2741,39493
T3712,S1989,S2741,2534
T3713,S1945,S2743,29778
T3714,S2742,S2744,10348
T3715,S2742,S2743,7867
T3716,S2742,S2743,7814
T3717,S1984,S2745,6441
T3718,S1984,S2745,6652
T3719,S1984,S2744,10296
T3720,S1984,S2744,10348
T3721,S1974,S2745,422
T3722,S1876,S1974,369
T3723,S1876,S1974,369
T3724,S1813,S1974,369
T3725,S2746,S2747,44299
T3726,S2747,S2748,85165
T3727,S2748,S2749,53432
T3728,S2749,S2750,101058
T3729,S2750,S2751,51690
T3730,S1836,S2751,9714
T3731,S2752,S2753,49156
T3733,S1834,S2755,475
T3734,S2544,S2755,1161
T3735,S2754,S2755,8923
T3736,S2003,S2271,1953
T3737,S2756,S2757,27033
T3738,S2757,S2758,26980
T3739,S2758,S2760,58396
T3742,S2760,S2761,57498
T3743,S1800,S1867,41605
T3744,S2762,S2947,2956
T3745,S2292,S2762,792
T3746,S1867,S2763,33474
T3747,S2063,S2779,65312
T3748,S2763,S2764,57974
T3749,S2764,S2765,50000
T3750,S2765,S2766,30359
T3751,S2766,S2767,57393
T3752,S2767,S2768,50845
T3753,S2768,S2780,28036
T3754,S1866,S2245,13094
T3755,S1866,S2245,13094
T3756,S2245,S2769,1900
T3757,S2245,S2770,5966
T3758,S2245,S2770,6177
T3761,S2073,S2771,29039
T3762,S1980,S2771,24340
T3763,S1866,S2771,26188
T3764,S1866,S1980,422
T3765,S2170,S2772,23073
T3766,S1808,S2772,369
T3767,S2170,S2277,3748
T3768,S2072,S2184,11616
T3769,S2072,S2073,11880
T3770,S2311,S2774,41447
T3771,S2265,S2311,1372
T3772,S2039,S2775,26135
T3773,S2776,S2778,78460
T3774,S2039,S2776,4646
T3775,S2776,S2777,1267
T3776,S2778,S2779,50898
T3777,S1972,S1973,6811
T3778,S1972,S2781,1108
T3779,S1972,S2082,10823
T3780,S2082,S2781,9397
T3781,S2082,S2781,9240
T3782,S2082,S2781,9240
T3783,S2083,S2780,5913
T3784,S1791,S2782,14467
T3785,S1791,S2782,14467
T3786,S1973,S2782,14625
T3787,S2312,S2782,10401
T3788,S1791,S2238,6705
T3789,S1791,S2075,6600
T3790,S1883,S2783,2217
T3791,S1811,S2783,475
T3792,S1811,S2783,475
T3793,S1811,S2783,475
T3794,S1811,S1813,7391
T3795,S1811,S1813,7391
T3796,S1811,S2783,264
T3797,S1811,S2783,422
T3798,S1811,S1926,739
T3799,S1811,S1926,369
T3800,S1811,S1926,580
T3801,S1883,S1939,2323
T3802,S1883,S1939,2323
T3803,S1883,S2783,2851
T3804,S1939,S2119,2006
T3805,S2119,S2122,1584
T3806,S1938,S2119,897
T3807,S2017,S2244,1636
T3808,S2017,S2244,1689
T3809,S2017,S2122,897
T3810,S1938,S2017,897
T3811,S1938,S1939,1531
T3812,S1819,S2784,14995
T3813,S2476,S2784,2956
T3814,S1901,S2784,2112
T3815,S2785,S2948,31679
T3817,S1819,S1974,1425
T3818,S1819,S1974,950
T3819,S2036,S2790,2797
T3820,S2788,S2790,2797
T3821,S1830,S2788,211
T3822,S2036,S2244,2692
T3823,S1830,S2244,1636
T3824,S1808,S2789,4171
T3825,S1808,S2789,4224
T3826,S1816,S2789,528
T3827,S1816,S2789,475
T3828,S1960,S2067,10453
T3829,S1960,S2791,4171
T3830,S1960,S2791,4171
T3831,S2791,S2795,633
T3832,S2792,S2793,3853
T3833,S2792,S2793,3800
T3834,S1960,S2793,3643
T3835,S1960,S2793,3643
T3836,S2794,S2949,21647
T3837,S2067,S2794,369
T3838,S2067,S2794,475
T3839,S2794,S2798,1108
T3840,S2297,S2794,1056
T3841,S1876,S1995,5280
T3842,S1995,S2795,475
T3843,S1995,S2795,528
T3844,S1793,S1995,1953
T3845,S1876,S1995,6652
T3846,S2295,S2796,1161
T3847,S2127,S2796,3432
T3848,S2295,S2798,2376
T3849,S2297,S2798,1161
T3850,S1794,S2051,14730
T3851,S1794,S2052,4593
T3852,S1794,S2052,4488
T3853,S2051,S2799,21753
T3854,S2051,S2799,21330
T3855,S2075,S2112,7286
T3856,S2075,S2111,7286
T3859,S2008,S2801,28986
T3860,S1853,S1976,2217
T3861,S2162,S2804,33950
T3862,S1837,S2803,8976
T3863,S2804,S2805,23442
T3864,S1832,S2806,4435
T3865,S1820,S2808,34953
T3866,S2808,S2809,41870
T3867,S2809,S2810,30676
T3868,S2062,S2810,29144
T3869,S2062,S2811,62198
T3870,S2811,S2812,33897
T3871,S2812,S2813,28564
T3872,S2813,S2814,27930
T3873,S2814,S2815,58027
T3874,S2815,S2816,46886
T3875,S2816,S2817,35956
T3876,S2817,S2818,34794
T3877,S2818,S2819,33475
T3878,S2819,S2820,47678
T3879,S2820,S2821,64785
T3880,S2821,S2822,38649
T3881,S2822,S2823,49578
T3882,S2823,S2824,22703
T3883,S2824,S2825,31784
T3884,S2825,S2826,35322
T3885,S2826,S2827,26558
T3886,S2827,S2828,37646
T3887,S2828,S2829,33897
T3888,S2829,S2830,22861
T3889,S2830,S2831,20222
T3890,S2831,S2832,24181
T3891,S2832,S2833,34953
T3892,S2833,S2834,26188
T3893,S2834,S2835,44404
T3894,S2835,S2836,17951
T3895,S2836,S2837,30359
T3896,S2837,S2838,37804
T3897,S2838,S2839,37012
T3898,S2839,S2840,2640
T3899,S2840,S2841,38332
T3900,S2841,S2843,41711
T3903,S2843,S2844,53221
T3904,S2844,S2845,36959
T3905,S2845,S2852,34900
T3906,S2232,S2234,17528
T3907,S1831,S2847,47889
T3908,S2847,S2848,60297
T3909,S2849,S2850,74764
T3910,S2851,S2859,66210
T3911,S2852,S2853,33104
T3912,S2853,S2854,46358
T3913,S2854,S2855,51479
T3914,S2855,S2856,57235
T3915,S2856,S2857,48258
T3916,S2857,S2858,50846
T3917,S2858,S2859,52007
T3918,S2859,S2860,26821
T3919,S2861,S2862,21225
T3920,S2860,S2861,10348
T3921,S2862,S2863,22333
T3922,S2863,S2864,61405
T3923,S2864,S2865,41659
T3924,S2865,S2866,64468
T3925,S2866,S2867,33527
T3926,S2089,S2201,19746
T3927,S2089,S2201,19747
T3928,S2201,S2202,14520
T3929,S2201,S2202,14572
T3930,S2202,S2867,23073
T3931,S2202,S2867,23073
T3932,S2050,S2089,1742
T3933,S2050,S2089,1425
T3934,S2089,S2868,3326
T3935,S2089,S2868,3854
T3936,S2089,S2870,8078
T3937,S2089,S2870,8184
T3938,S2050,S2869,4488
T3939,S2050,S2874,23495
T3940,S2049,S2262,9292
T3941,S2868,S2869,3748
T3942,S2868,S2870,3432
T3943,S2049,S2262,6547
T3944,S1973,S2312,3801
T3945,S2871,S2872,61036
T3946,S2871,S2886,88439
T3947,S2872,S2873,69537
T3948,S2873,S2874,56442
T3949,S2318,S2875,64416
T3950,S2318,S2912,84004
T3951,S2875,S2876,79780
T3952,S2876,S2877,46093
T3953,S2877,S2878,35217
T3954,S2878,S2879,48259
T3955,S2880,S2881,55070
T3956,S2881,S2882,52483
T3957,S2882,S2883,61300
T3958,S2883,S2884,51848
T3959,S2884,S2885,108609
T3960,S2885,S2886,52693
T3961,S1990,S2887,2428
T3962,S2887,S2888,1636
T3963,S2679,S2889,1953
T3964,S2890,S2891,89865
T3965,S2891,S2892,79569
T3966,S2892,S2893,51532
T3967,S2893,S2894,72124
T3968,S2016,S2895,75028
T3969,S2896,S2897,44298
T3970,S1923,S2896,12619
T3971,S2095,S2897,75186
T3972,S2094,S2898,14572
T3973,S2094,S2095,7814
T3974,S2898,S2899,92663
T3975,S2899,S2900,89072
T3976,S2900,S2901,48258
T3977,S2901,S2902,45037
T3978,S1919,S2902,83318
T3980,S2903,S2904,78513
T3981,S2904,S2905,88545
T3982,S2905,S2906,117901
T3983,S1988,S2906,72018
T3984,S1988,S2907,54066
T3985,S2907,S2908,63412
T3986,S2908,S2909,55491
T3987,S2909,S2910,36484
T3988,S2910,S2911,60878
T3989,S2911,S2912,75715
T3990,S2913,S2914,45302
T3991,S2914,S2917,64046
T3992,S2915,S2918,42556
T3993,S2915,S2916,31099
T3994,S2915,S2916,31099
T3995,S2916,S2917,42926
T3996,S2916,S2917,42873
T3997,S1845,S2918,28722
T3998,S1845,S1925,15734
T3999,S1845,S1925,15734
T4000,S24,S2950,38280
T4001,S256,S2950,27824
T4002,S24,S2950,38280
T4003,S256,S2950,27824
T4004,S27,S2951,80572
T4005,S31,S2951,84004
T4006,S33,S2952,9820
T4007,S291,S2952,13470
T4008,S45,S2953,67530
T4009,S1019,S2953,47730
T4010,S45,S2954,70012
T4011,S1019,S2954,46516
T4012,S602,S2955,50054
T4013,S2955,S2956,78143
T4014,S2956,S2957,83107
T4015,S48,S2957,67900
T4016,S602,S2955,50001
T4017,S2955,S2956,78143
T4018,S2956,S2957,83107
T4019,S48,S2957,67900
T4020,S50,S2958,75661
T4021,S728,S2958,21700
T4022,S50,S2958,75661
T4023,S728,S2958,21700
T4024,S55,S2959,1953
T4025,S51,S2959,316
T4026,S57,S2960,5808
T4027,S51,S2960,211
T4028,S605,S2961,4118
T4029,S64,S2961,4910
T4030,S78,S2962,54331
T4031,S65,S2962,111091
T4032,S628,S2963,31785
T4033,S72,S2963,40128
T4034,S415,S2964,19430
T4035,S104,S2964,11193
T4036,S105,S2965,8976
T4037,S411,S2965,1425
T4038,S135,S2966,57921
T4039,S2966,S2967,65894
T4040,S2967,S2968,105018
T4041,S117,S2968,69114
T4042,S119,S2969,68111
T4043,S2969,S2970,76612
T4044,S149,S2970,77932
T4045,S176,S2971,74606
T4046,S2971,S2972,121016
T4047,S2972,S2973,50687
T4048,S2973,S2974,75081
T4049,S135,S2974,104702
T4050,S654,S2975,91027
T4051,S2975,S2976,57393
T4052,S149,S2976,74183
T4053,S2920,S2977,80519
T4054,S161,S2977,8870
T4055,S698,S2978,107289
T4056,S165,S2978,96517
T4057,S698,S2978,107289
T4058,S165,S2978,92082
T4059,S166,S2979,43770
T4060,S198,S2979,36854
T4061,S166,S2979,43770
T4062,S198,S2979,36854
T4063,S172,S2980,6705
T4064,S917,S2980,50687
T4065,S172,S2980,6283
T4066,S917,S2980,51110
T4067,S173,S2981,46305
T4068,S2981,S2982,87066
T4069,S651,S2982,54541
T4070,S198,S2983,31151
T4071,S404,S2983,56812
T4072,S198,S2983,31204
T4073,S404,S2983,56601
T4074,S651,S2984,56865
T4075,S2984,S2985,78566
T4076,S216,S2985,58977
T4077,S257,S2986,33211
T4078,S488,S2986,67741
T4079,S284,S2987,8289
T4080,S976,S2987,23020
T4081,S819,S2988,22281
T4082,S2988,S2989,15364
T4083,S304,S2989,7814
T4084,S467,S2990,28617
T4085,S311,S2990,23073
T4086,S467,S2990,28617
T4087,S311,S2990,23073
T4088,S727,S2991,25765
T4089,S323,S2991,41500
T4090,S727,S2991,25765
T4091,S323,S2991,41447
T4092,S418,S2992,19219
T4093,S417,S2992,7972
T4094,S464,S2993,33264
T4095,S463,S2993,8500
T4096,S469,S2994,21806
T4097,S468,S2994,30940
T4098,S560,S2995,5860
T4099,S561,S2995,5438
T4100,S600,S2996,83792
T4101,S2996,S2997,91290
T4102,S2997,S2998,86380
T4103,S2998,S3000,65471
T4104,S601,S3000,56759
T4105,S600,S2996,83846
T4106,S2996,S2997,91237
T4107,S2997,S2999,86063
T4108,S2999,S3000,67530
T4109,S601,S3000,56759
T4110,S606,S3001,25660
T4111,S607,S3001,44985
T4112,S620,S3002,17529
T4113,S621,S3002,19747
T4114,S652,S3003,54436
T4115,S653,S3003,64468
T4116,S724,S3004,58132
T4117,S721,S3004,102379
T4118,S724,S3004,58132
T4119,S721,S3004,102379
T4120,S837,S3005,6388
T4121,S836,S3005,17160
T4122,S888,S3006,78830
T4123,S3006,S3007,10507
T4124,S870,S3007,8764
T4125,S930,S3008,16314
T4126,S3008,S3009,10348
T4127,S929,S3009,16736
T4128,S964,S3010,10982
T4129,S962,S3010,7022
T4130,S966,S3011,738
T4131,S963,S3011,1161
T4132,S1339,S3012,25396
T4133,S1044,S3012,21964
T4134,S1339,S3012,25396
T4135,S1044,S3012,32894
T4136,S1123,S3013,32735
T4137,S1050,S3013,9134
T4138,S1123,S3013,32735
T4139,S1050,S3013,9081
T4140,S1280,S3014,6283
T4141,S1055,S3014,4646
T4142,S1061,S3015,25079
T4143,S1355,S3015,65260
T4144,S1063,S3016,25555
T4145,S1478,S3016,13463
T4146,S1063,S3016,25555
T4147,S1478,S3016,13463
T4148,S1113,S3017,28564
T4149,S1072,S3017,8184
T4150,S1113,S3017,28564
T4151,S1072,S3017,8184
T4152,S1383,S3018,13991
T4153,S1075,S3018,22809
T4154,S1383,S3018,13991
T4155,S1075,S3018,22808
T4156,S1095,S3020,36219
T4157,S3020,S3021,44771
T4158,S3021,S3022,38701
T4159,S1185,S3022,48575
T4160,S1095,S3019,36272
T4161,S3019,S3021,44771
T4162,S3021,S3022,38701
T4163,S1185,S3022,48575
T4164,S1099,S3023,12672
T4165,S1648,S3023,24867
T4166,S1622,S3024,60297
T4167,S1112,S3024,95145
T4168,S1124,S3025,8870
T4169,S1123,S3025,41025
T4170,S1124,S3025,8870
T4171,S1123,S3025,41025
T4172,S1127,S3026,29356
T4173,S1137,S3026,13727
T4174,S1127,S3026,29356
T4175,S1137,S3026,13727
T4176,S1159,S3027,21013
T4177,S1487,S3027,16737
T4178,S1305,S3028,6388
T4179,S1170,S3028,26611
T4180,S1210,S3029,17793
T4181,S1258,S3029,7128
T4182,S1217,S3030,27191
T4183,S1477,S3030,8764
T4184,S1232,S3031,19060
T4185,S1227,S3031,16895
T4186,S1228,S3032,29514
T4187,S1468,S3032,30570
T4188,S1228,S3032,29514
T4189,S1468,S3032,30570
T4190,S1232,S3033,19060
T4191,S1467,S3033,16895
T4192,S1675,S3034,4012
T4193,S3034,S3035,2640
T4194,S1237,S3035,5966
T4195,S1248,S3036,38702
T4196,S1247,S3036,41605
T4197,S1269,S3037,28934
T4198,S1268,S3037,10824
T4199,S1269,S3037,28881
T4200,S1268,S3037,10771
T4201,S1287,S3038,6282
T4202,S3038,S3039,14942
T4203,S1559,S3039,7549
T4204,S1607,S3040,37910
T4205,S3040,S3041,35586
T4206,S1288,S3041,44456
T4207,S1607,S3040,37857
T4208,S3040,S3041,35586
T4209,S1288,S3041,44456
T4210,S1291,S3042,12513
T4211,S1559,S3042,7549
T4212,S1372,S3043,19377
T4213,S1373,S3043,22069
T4214,S1372,S3043,19377
T4215,S1373,S3043,22069
T4216,S1373,S3044,22175
T4217,S1374,S3044,17107
T4218,S1373,S3044,22175
T4219,S1374,S3044,17107
T4220,S1381,S3045,31468
T4221,S1382,S3045,17899
T4222,S1381,S3045,31468
T4223,S1382,S3045,17899
T4224,S1384,S3046,19747
T4225,S1385,S3046,15363
T4226,S1384,S3047,19747
T4227,S1387,S3047,30993
T4228,S1387,S3048,13463
T4229,S1388,S3048,37382
T4230,S1387,S3048,13463
T4231,S1388,S3048,37382
T4232,S1388,S3049,22070
T4233,S1389,S3049,15998
T4234,S1388,S3049,22070
T4235,S1389,S3049,15998
T4236,S1509,S3050,35269
T4237,S1472,S3050,16631
T4238,S1509,S3050,35269
T4239,S1472,S3050,16631
T4240,S1476,S3051,37698
T4241,S1477,S3051,8764
T4242,S1481,S3052,20696
T4243,S1482,S3052,22703
T4244,S1481,S3052,20643
T4245,S1482,S3052,22703
T4246,S1483,S3053,42503
T4247,S1488,S3053,44773
T4248,S1483,S3053,42503
T4249,S1488,S3053,44773
T4250,S1488,S3054,33527
T4251,S1487,S3054,16737
T4252,S1661,S3055,25132
T4253,S1491,S3055,11457
T4254,S1661,S3055,25132
T4255,S1491,S3055,11457
T4256,S1493,S3056,34424
T4257,S1494,S3056,21225
T4258,S1493,S3056,34424
T4259,S1494,S3056,21225
T4260,S1498,S3057,10348
T4261,S1499,S3057,3431
T4262,S1511,S3058,32365
T4263,S1515,S3058,46958
T4264,S1689,S3059,33739
T4265,S1688,S3059,475
T4266,S1706,S3060,36115
T4267,S3060,S3061,33897
T4268,S3061,S3062,13938
T4269,S1705,S3062,7656
T4270,S1708,S3063,20591
T4271,S1709,S3063,42978
T4272,S1815,S3064,31890
T4273,S3064,S3065,20961
T4274,S2499,S3065,44985
T4275,S1833,S3066,36748
T4276,S1823,S3066,19008
T4277,S2480,S3067,35745
T4278,S1828,S3067,15786
T4279,S1850,S3068,29831
T4280,S3068,S3069,18796
T4281,S1925,S3069,7180
T4282,S1856,S3070,55070
T4283,S1903,S3070,8448
T4284,S2269,S3071,13780
T4285,S1871,S3071,47308
T4286,S2306,S3072,48046
T4287,S3072,S3073,1
T4288,S1906,S3073,14466
T4289,S1912,S3074,29779
T4290,S1913,S3074,41922
T4291,S1912,S3074,29779
T4292,S1913,S3074,41922
T4293,S2903,S3075,61880
T4294,S1919,S3075,9451
T4295,S2934,S3076,9979
T4296,S1925,S3076,7180
T4297,S2769,S3077,6599
T4298,S1939,S3077,3907
T4299,S2770,S3078,4329
T4300,S1939,S3078,4171
T4301,S1953,S3079,11298
T4302,S2436,S3079,102273
T4303,S1958,S3080,12355
T4304,S3080,S3081,1900
T4305,S1963,S3081,8711
T4306,S1958,S3080,12355
T4307,S3080,S3081,1795
T4308,S1963,S3081,8764
T4309,S2007,S3082,18268
T4310,S2268,S3082,10454
T4311,S2044,S3083,1847
T4312,S2174,S3083,3
T4313,S2271,S3084,24921
T4314,S2302,S3084,10507
T4315,S2283,S3085,10084
T4316,S2714,S3085,57393
T4317,S2363,S3086,74659
T4318,S2362,S3086,6071
T4319,S2424,S3087,14995
T4320,S2422,S3087,30888
T4321,S2646,S3088,9873
T4322,S2647,S3088,54964
T4323,S2685,S3089,11932
T4324,S2684,S3089,52641
T4325,S2688,S3090,18796
T4326,S2687,S3090,22756
T4327,S2731,S3091,22386
T4328,S2729,S3091,67213
